-- --------------------------------------------------------
-- Host:                         127.0.0.1
-- Server version:               11.5.2-MariaDB - mariadb.org binary distribution
-- Server OS:                    Win64
-- HeidiSQL Version:             12.6.0.6765
-- --------------------------------------------------------

/*!40101 SET @OLD_CHARACTER_SET_CLIENT=@@CHARACTER_SET_CLIENT */;
/*!40101 SET NAMES utf8 */;
/*!50503 SET NAMES utf8mb4 */;
/*!40103 SET @OLD_TIME_ZONE=@@TIME_ZONE */;
/*!40103 SET TIME_ZONE='+00:00' */;
/*!40014 SET @OLD_FOREIGN_KEY_CHECKS=@@FOREIGN_KEY_CHECKS, FOREIGN_KEY_CHECKS=0 */;
/*!40101 SET @OLD_SQL_MODE=@@SQL_MODE, SQL_MODE='NO_AUTO_VALUE_ON_ZERO' */;
/*!40111 SET @OLD_SQL_NOTES=@@SQL_NOTES, SQL_NOTES=0 */;


-- Dumping database structure for works_detail
CREATE DATABASE IF NOT EXISTS `works_detail` /*!40100 DEFAULT CHARACTER SET latin1 COLLATE latin1_swedish_ci */;
USE `works_detail`;

-- Dumping structure for table works_detail.address
CREATE TABLE IF NOT EXISTS `address` (
  `id` bigint(20) NOT NULL AUTO_INCREMENT,
  `city` varchar(50) DEFAULT NULL,
  `country` varchar(255) DEFAULT NULL,
  `number` varchar(20) DEFAULT NULL,
  `street` varchar(150) DEFAULT NULL,
  `zipcode` varchar(7) DEFAULT NULL,
  PRIMARY KEY (`id`)
) ENGINE=InnoDB AUTO_INCREMENT=103 DEFAULT CHARSET=latin1 COLLATE=latin1_swedish_ci;

-- Dumping data for table works_detail.address: ~102 rows (approximately)
REPLACE INTO `address` (`id`, `city`, `country`, `number`, `street`, `zipcode`) VALUES
	(1, 'North Terrancemouth', 'BB', '222', '25850 Bosco Passage', '62579'),
	(2, 'West Loganchester', 'KI', '474', '783 Rau Knoll', '31085'),
	(3, 'Cristton', 'VU', '424', '85934 Johns Pass', '81621'),
	(4, 'Emersonborough', 'BW', '882', '99056 Schmitt Plain', '90322'),
	(5, 'West Anjelica', 'IE', '296', '7971 Wehner Shore', '63402'),
	(6, 'Nolanton', 'NI', '969', '9544 Hollis Points', '92284'),
	(7, 'New Kirk', 'JM', '689', '65064 Christiansen Pine', '16684'),
	(8, 'Lake Phuongmouth', 'GS', '237', '480 O\'Hara Plaza', '52916'),
	(9, 'Uptonside', 'AM', '9', '2554 Goyette Lakes', '27287'),
	(10, 'Schillershire', 'ID', '401', '045 MacGyver Rapid', '82434'),
	(11, 'Framiport', 'DM', '117', '30386 Douglas Meadows', '94938'),
	(12, 'New Colin', 'HR', '680', '522 Kendall Locks', '94397'),
	(13, 'Gabrielberg', 'VU', '144', '3417 Mohr Lights', '00028'),
	(14, 'Port Humbertoland', 'JE', '249', '689 Taina Mountains', '49193'),
	(15, 'Lake Taunya', 'RS', '669', '901 Blick Falls', '52880'),
	(16, 'Yongbury', 'MT', '731', '48521 Kunde Port', '77775'),
	(17, 'Port Barney', 'GG', '332', '8946 Nguyet Court', '69820'),
	(18, 'Port Brentonhaven', 'OM', '187', '0593 Schowalter Mission', '55012'),
	(19, 'Port Ingrid', 'AO', '468', '600 Kovacek Rapids', '13698'),
	(20, 'Port Westonburgh', 'FI', '561', '93172 Leonardo Trafficway', '60787'),
	(21, 'Bartton', 'VC', '573', '6590 Orn Wall', '69553'),
	(22, 'Huelburgh', 'VG', '99', '29298 Runte Drive', '27037'),
	(23, 'West Blake', 'ME', '147', '4825 Nancee Orchard', '21344'),
	(24, 'West Jennifershire', 'SC', '376', '4410 Odell Lodge', '85974'),
	(25, 'Dewayneshire', 'CV', '324', '6144 Conception Center', '76803'),
	(26, 'Rolandeside', 'CZ', '754', '30751 Schroeder Motorway', '73330'),
	(27, 'Lehnerland', 'SN', '347', '90199 Gale Brook', '94628'),
	(28, 'Boehmton', 'CG', '958', '6930 Lorrine Inlet', '99891'),
	(29, 'Danniefort', 'EH', '31', '2448 Minerva Cape', '86979'),
	(30, 'Faustoshire', 'PY', '25', '3676 McGlynn Pass', '17889'),
	(31, 'Auroreland', 'BG', '161', '7443 Lueilwitz Greens', '80860'),
	(32, 'Ortizview', 'PS', '592', '07686 Hilpert Vista', '94193'),
	(33, 'East Dennis', 'CO', '228', '517 Logan Parkways', '99386'),
	(34, 'New Ling', 'NE', '243', '195 Grover Parks', '32385'),
	(35, 'West Felicefurt', 'CR', '500', '896 Charissa Unions', '61439'),
	(36, 'New Hilario', 'KP', '481', '450 Chance Corners', '00807'),
	(37, 'Labadieton', 'BQ', '243', '8321 Wilderman Lodge', '45232'),
	(38, 'South Brendon', 'GU', '471', '7605 Weimann Forest', '84160'),
	(39, 'North Marianneborough', 'BZ', '180', '1592 Bobby Burg', '34653'),
	(40, 'Dulcebury', 'AX', '811', '2491 Greenfelder Port', '99615'),
	(41, 'Hegmannburgh', 'WS', '563', '318 Ralph Road', '67729'),
	(42, 'Ernserfort', 'LR', '690', '80966 Elwanda Dam', '89971'),
	(43, 'Rosyville', 'BE', '900', '254 Stacey Inlet', '28991'),
	(44, 'West Joshmouth', 'EH', '750', '949 Gorczany Ferry', '54332'),
	(45, 'Blockville', 'SA', '858', '062 Kenda Cliff', '61920'),
	(46, 'New Loritown', 'NL', '279', '2203 Wes Prairie', '32497'),
	(47, 'Danifort', 'GT', '670', '3360 Haley Forest', '29689'),
	(48, 'Waynefort', 'SB', '751', '238 Romaguera Harbor', '09231'),
	(49, 'Port Kentonburgh', 'IR', '206', '12323 Nolan Garden', '77225'),
	(50, 'Hermannfort', 'IT', '95', '0726 Daniele Key', '03556'),
	(51, 'West Kayeton', 'AI', '720', '750 Krajcik Forks', '66610'),
	(52, 'Port Thi', 'GL', '427', '62380 Christiansen Fields', '95791'),
	(53, 'Marhtabury', 'ZA', '784', '7624 Harvey Plaza', '62679'),
	(54, 'Millsborough', 'JM', '459', '82660 Senger Meadows', '25949'),
	(55, 'West Reynaldoshire', 'MO', '457', '612 Franecki Corner', '58412'),
	(56, 'Beerville', 'PG', '241', '436 Dario Lake', '11992'),
	(57, 'Koeppshire', 'AF', '721', '67146 Franecki Cliff', '32217'),
	(58, 'Calandraborough', 'BY', '73', '603 Armstrong Radial', '74904'),
	(59, 'Port Nada', 'BM', '745', '51246 Marvin Station', '89638'),
	(60, 'West Raymundo', 'MR', '924', '140 Leffler Tunnel', '40853'),
	(61, 'South Pattybury', 'LC', '546', '781 Lonnie Keys', '00929'),
	(62, 'Eugeneshire', 'DJ', '586', '79531 Robel Crossing', '63696'),
	(63, 'Streichtown', 'PL', '392', '72421 Beau Tunnel', '33516'),
	(64, 'New Billye', 'TZ', '829', '4621 Linnie Mountains', '32464'),
	(65, 'West Gilberto', 'TW', '603', '2002 Flatley Ways', '70243'),
	(66, 'New Barton', 'BT', '112', '389 Milton Hills', '51875'),
	(67, 'Port Michaelabury', 'LR', '934', '529 Fahey Oval', '03778'),
	(68, 'West Roycefort', 'US', '866', '5407 Bailey Mills', '76924'),
	(69, 'Lake Heathstad', 'TM', '188', '4077 Romeo Hills', '17983'),
	(70, 'South Arnoldochester', 'TR', '246', '010 Cesar Pass', '89443'),
	(71, 'East Agustin', 'UA', '662', '2649 Dooley Fort', '87003'),
	(72, 'New Juttamouth', 'MU', '67', '9940 Warner Street', '84336'),
	(73, 'Considinefort', 'TZ', '306', '03432 Jones Street', '20267'),
	(74, 'Hegmannville', 'MW', '211', '591 Estefana Square', '59416'),
	(75, 'New Lashawnda', 'SO', '710', '873 Grady Ranch', '16039'),
	(76, 'Hayesshire', 'AQ', '984', '6071 Sheilah Fall', '19859'),
	(77, 'North Ping', 'GB', '501', '961 Lehner Village', '11286'),
	(78, 'Ezraview', 'EH', '281', '84392 Joannie Camp', '54865'),
	(79, 'East Melonieberg', 'TC', '500', '4066 Nereida Avenue', '88895'),
	(80, 'Ezrahaven', 'LB', '200', '271 Homenick Via', '11457'),
	(81, 'Frediaside', 'SV', '142', '757 Shaneka Bridge', '65546'),
	(82, 'New Mileston', 'MH', '138', '62085 Crist Station', '40301'),
	(83, 'North Hettiemouth', 'AD', '589', '1364 Fritsch Meadows', '47365'),
	(84, 'Rafaelafurt', 'KY', '121', '9121 Nicolas Harbors', '98593'),
	(85, 'Alveraview', 'PL', '674', '714 Nolan Viaduct', '95821'),
	(86, 'East Ismaelbury', 'LI', '112', '82242 Jenkins Union', '87890'),
	(87, 'North Homermouth', 'GF', '787', '9787 Botsford Rest', '39324'),
	(88, 'West Lon', 'TO', '865', '058 Latoyia Villages', '34332'),
	(89, 'Schusterside', 'CN', '171', '4879 Leandra Trail', '43242'),
	(90, 'Kundemouth', 'EG', '456', '444 Baumbach Rapid', '96923'),
	(91, 'Adellaview', 'CD', '917', '681 Fred Mews', '32901'),
	(92, 'Laurenport', 'GG', '447', '3715 Sporer Key', '78729'),
	(93, 'West Wendi', 'LU', '37', '7028 Aubrey Key', '24766'),
	(94, 'Lake Rodolfoberg', 'ML', '760', '995 Alton Square', '17095'),
	(95, 'Harveyville', 'KI', '690', '821 Treutel Underpass', '41150'),
	(96, 'Stiedemannmouth', 'FK', '839', '35467 Corwin Centers', '34580'),
	(97, 'West Rozanne', 'MH', '974', '4160 Zachariah Manors', '31873'),
	(98, 'Kermitfurt', 'FR', '679', '99128 Deandrea Knoll', '78612'),
	(99, 'North Pok', 'ZM', '207', '1260 Cole Station', '86164'),
	(100, 'West Britta', 'CI', '382', '1560 Cherly Manors', '53383'),
	(101, 'HCM', 'BE', '613', 'Quang Trung', '2222'),
	(102, 'HCM', 'BB', '613', 'Quang Trung', '79167');

-- Dumping structure for table works_detail.candidate
CREATE TABLE IF NOT EXISTS `candidate` (
  `dob` date NOT NULL,
  `email` varchar(255) NOT NULL,
  `full_name` varchar(255) NOT NULL,
  `phone` varchar(15) NOT NULL,
  `can_id` bigint(20) NOT NULL,
  `address` bigint(20) NOT NULL,
  PRIMARY KEY (`can_id`),
  UNIQUE KEY `UKm8qhlm4wu215gr34dhxp0dour` (`address`),
  CONSTRAINT `FKa8gnyyhbb2qnhp94grci1n0o9` FOREIGN KEY (`address`) REFERENCES `address` (`id`),
  CONSTRAINT `FKpxdl8mh82qxa11aftu6ev3rjg` FOREIGN KEY (`can_id`) REFERENCES `users` (`user_id`)
) ENGINE=InnoDB DEFAULT CHARSET=latin1 COLLATE=latin1_swedish_ci;

-- Dumping data for table works_detail.candidate: ~50 rows (approximately)
REPLACE INTO `candidate` (`dob`, `email`, `full_name`, `phone`, `can_id`, `address`) VALUES
	('2016-03-01', 'jared@piedpiper.test', 'Franklyn Schoen', '(730) 210-2965', 1, 1),
	('1991-11-19', 'russ@threecommaclub.test', 'Edmundo Raynor II', '(730) 677-7835', 2, 2),
	('2017-07-03', 'richard@piedpiper.test', 'Wilton Stehr', '(272) 894-5568', 3, 3),
	('2006-02-12', 'richard@piedpiper.test', 'Juan Wolf II', '(404) 450-2220', 4, 4),
	('2002-06-09', 'laurie@raviga.test', 'Gus Bode', '(505) 558-6006', 5, 5),
	('1994-10-24', 'gavin@hooli.test', 'Long Schmitt', '(472) 299-1896', 6, 6),
	('2022-08-08', 'monica@raviga.test', 'Gil Windler', '(505) 757-5992', 7, 7),
	('2002-12-08', 'dinesh@piedpiper.test', 'Miss Isaura Denesik', '(505) 683-4098', 8, 8),
	('2007-10-12', 'bertram@piedpiper.test', 'Brent Gerhold', '(505) 698-9745', 9, 9),
	('2000-05-20', 'erlich@bachmanity.test', 'Nguyet Homenick II', '(813) 243-0388', 10, 10),
	('2002-06-07', 'russ@threecommaclub.test', 'Fatimah Zulauf', '(901) 989-3094', 11, 11),
	('2014-02-26', 'gavin@hooli.test', 'Eloy Marvin', '(305) 200-2449', 12, 12),
	('2007-04-01', 'richard@piedpiper.test', 'Miss Beverlee Davis', '(218) 712-6099', 13, 13),
	('2012-03-20', 'russ@threecommaclub.test', 'Ms. Luigi Deckow', '(730) 214-7372', 14, 14),
	('2018-09-11', 'richard@piedpiper.test', 'Cornell Abernathy', '(505) 620-0508', 15, 15),
	('1990-04-24', 'gavin@hooli.test', 'Coretta Mueller', '(730) 239-2917', 16, 16),
	('1993-08-21', 'denpok@hooli.test', 'Frederic Prohaska', '(730) 688-9985', 17, 17),
	('1999-01-02', 'denpok@hooli.test', 'Pete MacGyver', '(505) 805-5429', 18, 18),
	('1995-09-05', 'bertram@piedpiper.test', 'Roscoe Wehner', '(983) 991-2143', 19, 19),
	('1997-05-15', 'erlich@bachmanity.test', 'Trey Krajcik PhD', '(505) 656-4056', 20, 20),
	('2007-06-02', 'bighead@nipplealert.test', 'Heath Hills', '(505) 435-7688', 21, 21),
	('2017-01-25', 'bighead@nipplealert.test', 'Miss Cindy Hills', '(305) 981-5697', 22, 22),
	('1993-03-29', 'jared@piedpiper.test', 'Eduardo Kulas', '(305) 641-4093', 23, 23),
	('1990-01-20', 'laurie@raviga.test', 'Mario Batz', '(505) 541-4712', 24, 24),
	('1992-10-18', 'laurie@raviga.test', 'Mrs. Rolland Robel', '(305) 840-4340', 25, 25),
	('1991-07-24', 'gavin@hooli.test', 'Candi Hyatt', '(472) 239-6931', 26, 26),
	('1990-12-01', 'gavin@hooli.test', 'Eddie Grady', '(505) 648-2655', 27, 27),
	('2020-01-23', 'erlich@bachmanity.test', 'Shandi Keeling', '(730) 249-5517', 28, 28),
	('2013-12-12', 'richard@piedpiper.test', 'Melania Parker', '(817) 619-5300', 29, 29),
	('2003-05-10', 'bertram@piedpiper.test', 'Georgina Bernhard PhD', '(305) 212-9116', 30, 30),
	('2008-01-04', 'richard@piedpiper.test', 'Stephen Hagenes', '(305) 203-8581', 31, 31),
	('2000-02-22', 'bighead@nipplealert.test', 'Deloise Green', '(656) 989-8534', 32, 32),
	('2001-09-01', 'gavin@hooli.test', 'Aaron Beatty', '(730) 618-2461', 33, 33),
	('2000-02-08', 'dinesh@piedpiper.test', 'Maura Hagenes', '(252) 655-3930', 34, 34),
	('1992-10-01', 'monica@raviga.test', 'Kristi Bernier Sr.', '(505) 822-0890', 35, 35),
	('2008-09-29', 'denpok@hooli.test', 'Enoch Torphy V', '(305) 868-3391', 36, 36),
	('2017-05-09', 'gavin@hooli.test', 'Miss Ranee Erdman', '(983) 729-2344', 37, 37),
	('1991-09-04', 'russ@threecommaclub.test', 'Reynalda Lindgren', '(606) 589-5775', 38, 38),
	('1998-10-11', 'russ@threecommaclub.test', 'Deidra Heidenreich', '(305) 320-1288', 39, 39),
	('2021-10-05', 'gavin@hooli.test', 'Mr. Myrtie Effertz', '(260) 563-5324', 40, 40),
	('1997-01-24', 'denpok@hooli.test', 'Darius Kuhn I', '(619) 846-3852', 41, 41),
	('2002-11-11', 'bertram@piedpiper.test', 'Mr. Preston Considine', '(472) 224-5757', 42, 42),
	('2017-11-14', 'richard@piedpiper.test', 'Kelvin Bergstrom', '(505) 648-9612', 43, 43),
	('2004-07-22', 'erlich@bachmanity.test', 'Wiley Kreiger', '(505) 651-5093', 44, 44),
	('2017-07-25', 'laurie@raviga.test', 'Devora Hessel', '(983) 710-8032', 45, 45),
	('1992-06-08', 'gavin@hooli.test', 'Federico Balistreri', '(983) 748-1285', 46, 46),
	('2013-02-24', 'monica@raviga.test', 'Ashley Stiedemann', '(434) 579-3135', 47, 47),
	('1991-10-20', 'bertram@piedpiper.test', 'Manie Heaney', '(414) 520-6529', 48, 48),
	('2016-07-22', 'laurie@raviga.test', 'Shirleen Oberbrunner', '(305) 498-4252', 49, 49),
	('2020-02-23', 'monica@raviga.test', 'Denae Homenick', '(505) 648-6430', 50, 50);

-- Dumping structure for table works_detail.candidate_skill
CREATE TABLE IF NOT EXISTS `candidate_skill` (
  `more_infos` varchar(1000) DEFAULT NULL,
  `skill_level` int(11) NOT NULL,
  `can_id` bigint(20) NOT NULL,
  `skill_id` bigint(20) NOT NULL,
  PRIMARY KEY (`can_id`,`skill_id`),
  KEY `FKb7cxhiqhcah7c20a2cdlvr1f8` (`skill_id`),
  CONSTRAINT `FKb0m5tm3fi0upa3b3kjx3vrlxs` FOREIGN KEY (`can_id`) REFERENCES `candidate` (`can_id`),
  CONSTRAINT `FKb7cxhiqhcah7c20a2cdlvr1f8` FOREIGN KEY (`skill_id`) REFERENCES `skill` (`skill_id`)
) ENGINE=InnoDB DEFAULT CHARSET=latin1 COLLATE=latin1_swedish_ci;

-- Dumping data for table works_detail.candidate_skill: ~240 rows (approximately)
REPLACE INTO `candidate_skill` (`more_infos`, `skill_level`, `can_id`, `skill_id`) VALUES
	('Designer', 4, 1, 5),
	('Executive', 2, 1, 25),
	('Officer', 2, 1, 35),
	('Developer', 1, 1, 47),
	('Consultant', 5, 2, 8),
	('Architect', 5, 2, 28),
	('Director', 3, 2, 40),
	('Administrator', 3, 2, 41),
	('Developer', 3, 2, 48),
	('Strategist', 2, 3, 15),
	('Producer', 5, 3, 21),
	('Officer', 1, 3, 23),
	('Supervisor', 1, 3, 27),
	('Supervisor', 4, 3, 48),
	('Developer', 4, 4, 5),
	('Technician', 5, 4, 8),
	('Agent', 4, 4, 19),
	('Agent', 3, 4, 41),
	('Associate', 1, 4, 50),
	('Representative', 5, 5, 9),
	('Coordinator', 1, 5, 12),
	('Analyst', 2, 5, 43),
	('Facilitator', 3, 5, 50),
	('Representative', 3, 6, 11),
	('Consultant', 4, 6, 26),
	('Agent', 1, 6, 36),
	('Consultant', 5, 6, 39),
	('Associate', 2, 6, 44),
	('Architect', 5, 7, 5),
	('Engineer', 4, 7, 17),
	('Officer', 2, 7, 34),
	('Officer', 2, 7, 40),
	('Designer', 2, 7, 49),
	('Engineer', 1, 8, 10),
	('Specialist', 1, 8, 15),
	('Officer', 4, 8, 19),
	('Technician', 3, 8, 23),
	('Specialist', 1, 8, 48),
	('Developer', 1, 9, 2),
	('Manager', 5, 9, 16),
	('Assistant', 4, 9, 25),
	('Designer', 3, 9, 30),
	('Manager', 2, 9, 41),
	('Associate', 1, 10, 16),
	('Architect', 2, 10, 22),
	('Analyst', 5, 10, 45),
	('Agent', 3, 10, 46),
	('Executive', 5, 10, 48),
	('Administrator', 1, 11, 18),
	('Facilitator', 5, 11, 24),
	('Administrator', 4, 11, 25),
	('Representative', 5, 11, 29),
	('Consultant', 1, 11, 49),
	('Developer', 2, 12, 2),
	('Representative', 4, 12, 15),
	('Architect', 3, 12, 31),
	('Administrator', 3, 12, 45),
	('Associate', 5, 12, 48),
	('Assistant', 4, 13, 3),
	('Associate', 5, 13, 12),
	('Engineer', 3, 13, 18),
	('Representative', 1, 13, 45),
	('Supervisor', 3, 14, 9),
	('Developer', 4, 14, 18),
	('Architect', 5, 14, 21),
	('Supervisor', 4, 14, 45),
	('Manager', 4, 15, 6),
	('Supervisor', 2, 15, 8),
	('Designer', 1, 15, 19),
	('Specialist', 2, 15, 24),
	('Strategist', 2, 15, 34),
	('Officer', 4, 16, 3),
	('Supervisor', 3, 16, 18),
	('Architect', 1, 16, 25),
	('Consultant', 1, 16, 27),
	('Manager', 3, 16, 29),
	('Supervisor', 1, 17, 5),
	('Associate', 1, 17, 10),
	('Planner', 2, 17, 11),
	('Specialist', 4, 17, 20),
	('Analyst', 4, 17, 33),
	('Administrator', 2, 18, 3),
	('Executive', 5, 18, 16),
	('Assistant', 3, 18, 28),
	('Analyst', 2, 18, 37),
	('Strategist', 3, 18, 44),
	('Architect', 1, 19, 4),
	('Developer', 3, 19, 12),
	('Agent', 2, 19, 15),
	('Orchestrator', 4, 19, 28),
	('Consultant', 1, 19, 29),
	('Analyst', 1, 20, 3),
	('Technician', 2, 20, 12),
	('Executive', 1, 20, 16),
	('Planner', 4, 20, 31),
	('Liaison', 1, 20, 38),
	('Administrator', 5, 21, 13),
	('Agent', 3, 21, 16),
	('Coordinator', 4, 21, 30),
	('Supervisor', 1, 21, 32),
	('Director', 3, 21, 37),
	('Engineer', 4, 22, 19),
	('Associate', 1, 22, 26),
	('Facilitator', 3, 22, 31),
	('Coordinator', 3, 22, 43),
	('Executive', 2, 22, 45),
	('Representative', 4, 23, 3),
	('Officer', 5, 23, 15),
	('Architect', 3, 23, 28),
	('Supervisor', 2, 23, 37),
	('Analyst', 5, 23, 38),
	('Assistant', 4, 24, 3),
	('Planner', 3, 24, 4),
	('Agent', 3, 24, 12),
	('Designer', 5, 24, 16),
	('Planner', 3, 24, 37),
	('Assistant', 2, 25, 12),
	('Executive', 2, 25, 33),
	('Administrator', 5, 25, 38),
	('Engineer', 4, 25, 45),
	('Developer', 4, 25, 46),
	('Representative', 3, 26, 18),
	('Director', 1, 26, 29),
	('Orchestrator', 5, 26, 38),
	('Architect', 5, 26, 42),
	('Representative', 5, 26, 50),
	('Officer', 5, 27, 9),
	('Engineer', 3, 27, 10),
	('Coordinator', 4, 27, 32),
	('Liaison', 3, 27, 33),
	('Assistant', 5, 27, 44),
	('Consultant', 5, 28, 29),
	('Consultant', 3, 28, 37),
	('Director', 1, 28, 43),
	('Manager', 5, 28, 44),
	('Developer', 3, 28, 48),
	('Strategist', 5, 29, 18),
	('Assistant', 5, 29, 25),
	('Supervisor', 5, 29, 42),
	('Architect', 1, 29, 44),
	('Manager', 3, 30, 8),
	('Associate', 5, 30, 13),
	('Facilitator', 2, 30, 36),
	('Representative', 1, 30, 39),
	('Consultant', 3, 30, 48),
	('Administrator', 5, 31, 2),
	('Manager', 5, 31, 17),
	('Executive', 4, 31, 18),
	('Technician', 2, 31, 23),
	('Planner', 5, 31, 46),
	('Consultant', 5, 32, 3),
	('Director', 4, 32, 5),
	('Liaison', 1, 32, 39),
	('Director', 4, 32, 42),
	('Assistant', 5, 32, 43),
	('Orchestrator', 3, 33, 4),
	('Planner', 5, 33, 6),
	('Associate', 4, 33, 24),
	('Agent', 4, 33, 25),
	('Technician', 2, 33, 30),
	('Coordinator', 4, 34, 11),
	('Manager', 5, 34, 15),
	('Director', 1, 34, 32),
	('Specialist', 4, 34, 37),
	('Assistant', 3, 34, 44),
	('Analyst', 4, 35, 14),
	('Manager', 3, 35, 19),
	('Engineer', 4, 35, 22),
	('Executive', 1, 35, 47),
	('Manager', 1, 35, 48),
	('Associate', 3, 36, 9),
	('Analyst', 4, 36, 10),
	('Specialist', 5, 36, 16),
	('Engineer', 5, 36, 29),
	('Assistant', 5, 36, 41),
	('Developer', 5, 37, 9),
	('Designer', 5, 37, 27),
	('Orchestrator', 1, 37, 30),
	('Representative', 3, 37, 37),
	('Representative', 3, 37, 38),
	('Orchestrator', 1, 38, 30),
	('Designer', 2, 38, 32),
	('Developer', 3, 38, 41),
	('Analyst', 2, 38, 42),
	('Officer', 3, 38, 45),
	('Representative', 4, 39, 3),
	('Officer', 5, 39, 23),
	('Developer', 4, 39, 28),
	('Analyst', 3, 39, 31),
	('Assistant', 5, 39, 38),
	('Architect', 3, 40, 2),
	('Director', 1, 40, 3),
	('Assistant', 3, 40, 12),
	('Manager', 5, 40, 17),
	('Associate', 4, 40, 30),
	('Administrator', 5, 41, 6),
	('Administrator', 2, 41, 44),
	('Developer', 1, 41, 47),
	('Specialist', 2, 41, 48),
	('Associate', 3, 42, 5),
	('Assistant', 4, 42, 9),
	('Assistant', 5, 42, 12),
	('Associate', 5, 42, 20),
	('Liaison', 5, 42, 35),
	('Technician', 2, 43, 5),
	('Officer', 4, 43, 37),
	('Producer', 1, 43, 39),
	('Manager', 1, 44, 3),
	('Designer', 5, 44, 20),
	('Specialist', 4, 44, 42),
	('Planner', 1, 44, 43),
	('Specialist', 4, 44, 50),
	('Orchestrator', 4, 45, 3),
	('Officer', 3, 45, 10),
	('Developer', 1, 45, 11),
	('Designer', 1, 45, 37),
	('Representative', 4, 45, 47),
	('Representative', 3, 46, 11),
	('Designer', 4, 46, 19),
	('Manager', 1, 46, 40),
	('Developer', 1, 46, 48),
	('Officer', 5, 47, 1),
	('Facilitator', 4, 47, 3),
	('Developer', 3, 47, 11),
	('Developer', 4, 47, 20),
	('Consultant', 5, 47, 25),
	('Agent', 1, 48, 6),
	('Supervisor', 3, 48, 8),
	('Manager', 2, 48, 26),
	('Strategist', 2, 48, 32),
	('Consultant', 2, 48, 44),
	('Executive', 4, 49, 7),
	('Liaison', 4, 49, 19),
	('Assistant', 4, 49, 20),
	('Analyst', 1, 49, 28),
	('Planner', 2, 49, 37),
	('Director', 2, 50, 6),
	('Strategist', 1, 50, 26),
	('Developer', 1, 50, 43),
	('Specialist', 3, 50, 50);

-- Dumping structure for table works_detail.company
CREATE TABLE IF NOT EXISTS `company` (
  `about` varchar(2000) DEFAULT NULL,
  `comp_name` varchar(255) NOT NULL,
  `email` varchar(255) NOT NULL,
  `phone` varchar(255) NOT NULL,
  `web_url` varchar(255) DEFAULT NULL,
  `com_id` bigint(20) NOT NULL,
  `address` bigint(20) NOT NULL,
  PRIMARY KEY (`com_id`),
  UNIQUE KEY `UKrvp2hunsq4sgmpxe3a7i1ym3m` (`address`),
  CONSTRAINT `FKd5occp4cjwihejbxdbpvkp5tv` FOREIGN KEY (`address`) REFERENCES `address` (`id`),
  CONSTRAINT `FKka5mvh7njr6anbfailkwbln58` FOREIGN KEY (`com_id`) REFERENCES `users` (`user_id`)
) ENGINE=InnoDB DEFAULT CHARSET=latin1 COLLATE=latin1_swedish_ci;

-- Dumping data for table works_detail.company: ~50 rows (approximately)
REPLACE INTO `company` (`about`, `comp_name`, `email`, `phone`, `web_url`, `com_id`, `address`) VALUES
	('productize extensible paradigms', 'Bradtke, Ziemann and Rowe', 'dinesh@piedpiper.test', '(305) 848-7568', 'https://www.roderick-hansen.co/numquam#dolorum', 51, 51),
	('streamline vertical methodologies', 'Oberbrunner, Carter and Jacobi', 'bertram@piedpiper.test', '(667) 293-8418', 'http://www.dario-dooley.info/?distinctio=quos&quidem=quam', 52, 52),
	('utilize seamless applications', 'Wisoky-Roob', 'denpok@hooli.test', '(305) 204-0025', 'http://www.lynn-oberbrunner.io/vitae/in#rerum', 53, 53),
	('maximize bleeding-edge eyeballs', 'Marks-Greenfelder', 'monica@raviga.test', '(505) 856-5049', 'https://www.marquitta-koch.net:30953/atque?voluptates=fugiat&voluptate=labore', 54, 54),
	('unleash scalable architectures', 'Ebert, Runte and Zboncak', 'jared@piedpiper.test', '(730) 639-7808', 'https://www.lauren-feil.io/delectus/laudantium#ut', 55, 55),
	('leverage 24/7 infrastructures', 'Koepp and Sons', 'bertram@piedpiper.test', '(505) 668-3948', 'https://www.marcos-greenfelder.com/voluptas/placeatexercitationem?dignissimos=aut&cumque=aperiam', 56, 56),
	('extend dot-com functionalities', 'Nitzsche-Kilback', 'richard@piedpiper.test', '(520) 334-6282', 'https://www.bong-dooley.net:24603/impedit/utcupiditate', 57, 57),
	('expedite granular methodologies', 'Haag-Fisher', 'denpok@hooli.test', '(847) 262-6737', 'https://www.daniel-johnson.co/ullam/doloremque?reiciendis=doloribus&hic=dolorem#nesciunt', 58, 58),
	('incentivize robust e-commerce', 'Stiedemann-Littel', 'richard@piedpiper.test', '(657) 389-3315', 'https://www.issac-corwin.com:19589/harum/voluptatem?in=perspiciatis&veniam=voluptatum', 59, 59),
	('e-enable granular infrastructures', 'Von, Morar and Emard', 'bertram@piedpiper.test', '(305) 207-1174', 'http://www.logan-klein.info/vero/teneturtotam?hic=doloribus&reiciendis=repudiandae', 60, 60),
	('reintermediate holistic systems', 'Gulgowski-Kunde', 'dinesh@piedpiper.test', '(730) 643-6810', 'https://www.reggie-doyle.com/?ipsum=doloremque&itaque=officia#eos', 61, 61),
	('maximize viral mindshare', 'Wyman, Kris and Hill', 'denpok@hooli.test', '(305) 358-2240', 'https://www.ed-batz.co/#velit', 62, 62),
	('synergize end-to-end markets', 'Kiehn, Champlin and Farrell', 'bertram@piedpiper.test', '(983) 297-6097', 'https://www.rosia-witting.net/?nobis=velit&reprehenderit=officia#amet', 63, 63),
	('target extensible infomediaries', 'Hintz LLC', 'dinesh@piedpiper.test', '(657) 487-2986', 'https://www.chi-reichert.co:28991/#magnam', 64, 64),
	('orchestrate global infomediaries', 'Schiller, Rogahn and Feil', 'russ@threecommaclub.test', '(248) 315-6759', 'http://www.elmer-yundt.biz:47828/id#numquam', 65, 65),
	('deploy compelling infomediaries', 'Littel and Sons', 'monica@raviga.test', '(505) 769-7616', 'https://www.josef-davis.info:9236/at/totam#ipsa', 66, 66),
	('redefine frictionless e-business', 'Conroy Inc', 'gavin@hooli.test', '(472) 254-1283', 'https://www.tracey-fisher.biz/maxime/doloremdeleniti#voluptatum', 67, 67),
	('productize one-to-one niches', 'Hand Inc', 'monica@raviga.test', '(732) 820-8789', 'https://www.khadijah-kunze.biz/asperiores/asperiores?reprehenderit=aut&placeat=quidem', 68, 68),
	('utilize integrated content', 'Becker Inc', 'bertram@piedpiper.test', '(505) 670-1942', 'http://www.lucienne-bogisich.name/illo/enim', 69, 69),
	('empower front-end platforms', 'Stehr LLC', 'richard@piedpiper.test', '(305) 200-1145', 'https://www.trista-becker.com/corrupti/eum?amet=sapiente&provident=cumque#quae', 70, 70),
	('maximize compelling mindshare', 'Robel-Konopelski', 'richard@piedpiper.test', '(472) 489-8047', 'https://www.joseph-yost.name/atque', 71, 71),
	('transition rich communities', 'Lubowitz, Schmeler and O\'Keefe', 'jared@piedpiper.test', '(505) 648-8251', 'http://www.bridgett-bednar.net:14657/qui/esse', 72, 72),
	('repurpose holistic action-items', 'Reynolds Group', 'dinesh@piedpiper.test', '(730) 211-1259', 'http://www.toby-borer.co:56214/qui/distinctioaperiam#iusto', 73, 73),
	('revolutionize world-class schemas', 'Schinner Group', 'dinesh@piedpiper.test', '(472) 214-0352', 'https://www.alycia-thiel.biz/', 74, 74),
	('incentivize 24/7 partnerships', 'Stracke-Wolf', 'denpok@hooli.test', '(864) 744-1384', 'https://www.denny-hegmann.org:28821/', 75, 75),
	('revolutionize customized paradigms', 'Hessel and Sons', 'bertram@piedpiper.test', '(947) 366-3832', 'http://www.geraldo-wiegand.net/aut/pariaturnulla', 76, 76),
	('cultivate efficient action-items', 'Quitzon Inc', 'laurie@raviga.test', '(380) 988-0277', 'https://www.patricia-ziemann.net/perferendis/teneturcumque', 77, 77),
	('morph compelling markets', 'Schinner-Champlin', 'gavin@hooli.test', '(937) 332-9269', 'https://www.andy-hauck.biz/?maiores=nobis&culpa=ipsam#ea', 78, 78),
	('seize enterprise metrics', 'Ledner-Emmerich', 'bertram@piedpiper.test', '(505) 660-0053', 'https://www.lurline-rohan.info/necessitatibus#sapiente', 79, 79),
	('transform back-end architectures', 'Crist Inc', 'bighead@nipplealert.test', '(505) 617-0924', 'https://www.jerilyn-dach.io:43065/enim/undeexpedita#commodi', 80, 80),
	('evolve proactive interfaces', 'Jerde LLC', 'monica@raviga.test', '(505) 624-5098', 'https://www.penni-greenfelder.info/quae/praesentiummodi?minus=cumque&officia=quo#voluptates', 81, 81),
	('incubate back-end systems', 'Welch-Waters', 'richard@piedpiper.test', '(574) 793-8385', 'http://www.danelle-jerde.name:22239/delectus?quibusdam=nostrum&quam=tempora', 82, 82),
	('empower efficient applications', 'Reichert-Maggio', 'russ@threecommaclub.test', '(505) 855-3356', 'https://www.hermila-ebert.com/#unde', 83, 83),
	('transition back-end web-readiness', 'McDermott-Rohan', 'richard@piedpiper.test', '(415) 584-8377', 'http://www.rosita-reichel.org/nemo/est#provident', 84, 84),
	('enhance synergistic content', 'Walker-Gislason', 'gavin@hooli.test', '(730) 211-5148', 'https://www.phil-rempel.biz:63151/?ab=nemo&repudiandae=voluptatem#dignissimos', 85, 85),
	('aggregate B2B systems', 'Turner, Feil and Jacobson', 'bighead@nipplealert.test', '(730) 218-5879', 'http://www.felicia-fisher.org:60071/eius/sintunde#architecto', 86, 86),
	('orchestrate bleeding-edge e-markets', 'Schmeler Group', 'bighead@nipplealert.test', '(657) 831-8604', 'https://www.maude-sipes.io:29872/exercitationem/saepe?sint=dolore&asperiores=dolor#harum', 87, 87),
	('incentivize one-to-one infrastructures', 'Corwin, Klocko and Steuber', 'laurie@raviga.test', '(505) 621-2974', 'https://www.brent-greenfelder.com/?iste=ducimus&saepe=facere', 88, 88),
	('leverage integrated infrastructures', 'Wilderman-Bechtelar', 'dinesh@piedpiper.test', '(505) 937-1619', 'https://www.hanh-paucek.com:3073/?labore=unde&inventore=officiis', 89, 89),
	('envisioneer cross-media portals', 'Berge-Swaniawski', 'bighead@nipplealert.test', '(983) 486-5477', 'https://www.patricia-greenfelder.io:52402/?error=accusamus&voluptatum=iusto#dolorum', 90, 90),
	('morph visionary mindshare', 'Waters-Kreiger', 'laurie@raviga.test', '(305) 207-8304', 'http://www.terry-cassin.io/eos/cupiditatemaiores?illo=dicta&velit=explicabo', 91, 91),
	('transition magnetic ROI', 'Krajcik and Sons', 'laurie@raviga.test', '(730) 227-3157', 'https://www.saturnina-kemmer.name:2001/', 92, 92),
	('seize B2C e-markets', 'Krajcik, Haley and Kassulke', 'denpok@hooli.test', '(505) 423-1503', 'http://www.lila-schmidt.org/enim/eligendi#explicabo', 93, 93),
	('facilitate revolutionary action-items', 'Kshlerin Inc', 'russ@threecommaclub.test', '(505) 646-9621', 'https://www.samual-mcglynn.co/maxime?reprehenderit=quis&labore=laborum', 94, 94),
	('expedite viral experiences', 'Walter, Will and Pollich', 'richard@piedpiper.test', '(305) 284-5520', 'https://www.lindsey-stanton.org/?deleniti=repellendus&sed=accusantium#neque', 95, 95),
	('e-enable cutting-edge portals', 'Pfeffer, Halvorson and Grady', 'bighead@nipplealert.test', '(983) 395-8312', 'https://www.carlie-shields.com/#nesciunt', 96, 96),
	('enhance intuitive web-readiness', 'Willms, Purdy and Block', 'denpok@hooli.test', '(983) 334-9863', 'http://www.shandi-reynolds.org/ratione/suscipit#sunt', 97, 97),
	('deliver seamless mindshare', 'Cassin-Leuschke', 'erlich@bachmanity.test', '(817) 660-1332', 'https://www.andres-nikolaus.io/voluptatem', 98, 98),
	('innovate user-centric communities', 'Kihn-McCullough', 'bighead@nipplealert.test', '(240) 972-6121', 'https://www.arron-legros.com/minima/dolorumlaborum#ipsam', 99, 99),
	('grow user-centric infomediaries', 'Erdman-Cole', 'russ@threecommaclub.test', '(251) 748-8570', 'https://www.boyce-kuhn.org/mollitia/facerenumquam', 100, 100);

-- Dumping structure for table works_detail.experience
CREATE TABLE IF NOT EXISTS `experience` (
  `id` bigint(20) NOT NULL AUTO_INCREMENT,
  `company_name` varchar(120) NOT NULL,
  `from_date` date DEFAULT NULL,
  `role` varchar(100) NOT NULL,
  `to_date` date DEFAULT NULL,
  `work_desc` varchar(400) NOT NULL,
  `can_id` bigint(20) NOT NULL,
  `work_description` varchar(50) DEFAULT NULL,
  PRIMARY KEY (`id`),
  KEY `FK8d5oqe0wxh52v352i04qnuady` (`can_id`),
  CONSTRAINT `FK8d5oqe0wxh52v352i04qnuady` FOREIGN KEY (`can_id`) REFERENCES `candidate` (`can_id`)
) ENGINE=InnoDB AUTO_INCREMENT=151 DEFAULT CHARSET=latin1 COLLATE=latin1_swedish_ci;

-- Dumping data for table works_detail.experience: ~150 rows (approximately)
REPLACE INTO `experience` (`id`, `company_name`, `from_date`, `role`, `to_date`, `work_desc`, `can_id`, `work_description`) VALUES
	(1, 'Wiegand and Sons', '2014-07-02', 'Developer', '2001-08-03', 'Analyst', 1, NULL),
	(2, 'Barrows Group', '2009-02-25', 'Agent', '2001-02-05', 'Representative', 1, NULL),
	(3, 'Hirthe-Bashirian', '2007-01-03', 'Planner', '2000-08-25', 'Architect', 1, NULL),
	(4, 'Schoen-Parker', '2014-08-26', 'Engineer', '2002-10-01', 'Officer', 2, NULL),
	(5, 'Leannon Group', '1997-10-09', 'Specialist', '2022-06-05', 'Assistant', 2, NULL),
	(6, 'Altenwerth-Kertzmann', '2018-04-10', 'Representative', '2022-01-28', 'Specialist', 2, NULL),
	(7, 'O\'Kon-Schaefer', '2008-07-23', 'Representative', '2016-08-06', 'Administrator', 3, NULL),
	(8, 'Senger, Hegmann and Tromp', '2013-01-29', 'Planner', '2019-06-18', 'Consultant', 3, NULL),
	(9, 'Hagenes Inc', '2022-03-22', 'Officer', '2022-08-17', 'Manager', 3, NULL),
	(10, 'Hauck-Koch', '2018-05-25', 'Technician', '2013-04-01', 'Orchestrator', 4, NULL),
	(11, 'Jenkins and Sons', '2021-10-03', 'Officer', '2012-02-27', 'Executive', 4, NULL),
	(12, 'Sporer, Stiedemann and King', '1996-05-11', 'Coordinator', '2022-01-16', 'Associate', 4, NULL),
	(13, 'Marquardt, Crooks and Tremblay', '2016-10-28', 'Supervisor', '1996-05-23', 'Designer', 5, NULL),
	(14, 'Schmitt-Gerhold', '1998-11-25', 'Manager', '2023-09-10', 'Orchestrator', 5, NULL),
	(15, 'McCullough-Harvey', '2015-01-18', 'Architect', '2012-10-12', 'Representative', 5, NULL),
	(16, 'Legros, Collins and Simonis', '1991-04-22', 'Designer', '2015-10-21', 'Designer', 6, NULL),
	(17, 'Hegmann, Olson and Cruickshank', '1998-02-15', 'Director', '2020-06-09', 'Manager', 6, NULL),
	(18, 'Hamill-Dietrich', '1991-12-01', 'Analyst', '2010-12-22', 'Analyst', 6, NULL),
	(19, 'Johnson, Ebert and Mraz', '1992-08-31', 'Administrator', '2014-09-08', 'Officer', 7, NULL),
	(20, 'Waters and Sons', '2020-02-02', 'Facilitator', '2008-09-16', 'Administrator', 7, NULL),
	(21, 'Kshlerin, Orn and Oberbrunner', '2023-04-03', 'Architect', '2011-07-30', 'Facilitator', 7, NULL),
	(22, 'Nienow-Johnson', '1995-06-15', 'Orchestrator', '1994-03-31', 'Technician', 8, NULL),
	(23, 'Senger, Braun and Skiles', '2008-01-23', 'Technician', '2016-02-28', 'Liaison', 8, NULL),
	(24, 'Bogan LLC', '1990-10-04', 'Designer', '2005-03-06', 'Producer', 8, NULL),
	(25, 'DuBuque LLC', '2022-07-09', 'Agent', '2001-05-13', 'Associate', 9, NULL),
	(26, 'Prohaska LLC', '1992-07-01', 'Executive', '2014-06-07', 'Consultant', 9, NULL),
	(27, 'Stamm, Erdman and Gerhold', '2002-03-25', 'Orchestrator', '2008-06-14', 'Orchestrator', 9, NULL),
	(28, 'Sanford-Powlowski', '2001-10-11', 'Developer', '1997-08-28', 'Representative', 10, NULL),
	(29, 'Lesch, Gleichner and Gutmann', '1997-06-30', 'Associate', '1991-05-29', 'Consultant', 10, NULL),
	(30, 'Nikolaus, Klocko and Dickinson', '2012-11-16', 'Developer', '2009-12-01', 'Producer', 10, NULL),
	(31, 'Langosh, Bartell and Rowe', '2022-01-07', 'Consultant', '2000-11-23', 'Technician', 11, NULL),
	(32, 'Aufderhar Inc', '2008-08-16', 'Associate', '2004-01-14', 'Developer', 11, NULL),
	(33, 'Herman, Olson and Ward', '2006-09-28', 'Officer', '2001-05-23', 'Director', 11, NULL),
	(34, 'Leannon and Sons', '1994-10-10', 'Assistant', '2014-08-09', 'Designer', 12, NULL),
	(35, 'Bergnaum LLC', '2018-11-22', 'Consultant', '2022-02-06', 'Developer', 12, NULL),
	(36, 'Ortiz Group', '2024-02-18', 'Assistant', '2006-02-07', 'Designer', 12, NULL),
	(37, 'Howe, Nicolas and Flatley', '2019-04-11', 'Representative', '2021-06-26', 'Architect', 13, NULL),
	(38, 'Swift, Kris and Strosin', '1999-01-15', 'Supervisor', '1994-11-10', 'Technician', 13, NULL),
	(39, 'Romaguera-Hayes', '1994-07-24', 'Analyst', '2009-02-06', 'Designer', 13, NULL),
	(40, 'Crooks Inc', '2024-07-03', 'Producer', '2013-04-22', 'Facilitator', 14, NULL),
	(41, 'Reynolds and Sons', '2013-06-14', 'Designer', '2007-03-24', 'Administrator', 14, NULL),
	(42, 'Volkman Group', '2002-12-22', 'Architect', '2000-04-29', 'Technician', 14, NULL),
	(43, 'Macejkovic-Pouros', '2005-03-16', 'Developer', '2020-02-29', 'Architect', 15, NULL),
	(44, 'Leuschke-Macejkovic', '1995-04-01', 'Developer', '2015-06-28', 'Facilitator', 15, NULL),
	(45, 'VonRueden LLC', '2015-08-08', 'Facilitator', '1999-07-07', 'Developer', 15, NULL),
	(46, 'Stamm-Goldner', '2001-06-04', 'Manager', '1997-12-14', 'Engineer', 16, NULL),
	(47, 'Ankunding-Schiller', '2016-02-12', 'Strategist', '1993-09-19', 'Specialist', 16, NULL),
	(48, 'Bailey, Trantow and Walter', '2004-11-19', 'Architect', '2011-07-28', 'Assistant', 16, NULL),
	(49, 'Dibbert Inc', '2010-12-07', 'Assistant', '2010-11-25', 'Consultant', 17, NULL),
	(50, 'Beatty-McGlynn', '1999-10-10', 'Producer', '2024-10-28', 'Architect', 17, NULL),
	(51, 'Borer LLC', '2024-04-23', 'Officer', '2015-12-03', 'Producer', 17, NULL),
	(52, 'Fisher, Kihn and Fay', '2023-10-22', 'Representative', '2005-02-25', 'Strategist', 18, NULL),
	(53, 'Collins LLC', '2016-07-06', 'Developer', '2010-03-04', 'Liaison', 18, NULL),
	(54, 'Hudson-Waters', '1993-03-06', 'Director', '2006-07-21', 'Officer', 18, NULL),
	(55, 'Brown LLC', '1997-03-03', 'Officer', '2019-06-06', 'Executive', 19, NULL),
	(56, 'Jenkins-Balistreri', '2012-03-02', 'Designer', '2007-08-25', 'Architect', 19, NULL),
	(57, 'Gleichner-Hudson', '2006-06-26', 'Administrator', '2012-10-17', 'Director', 19, NULL),
	(58, 'Torp LLC', '2017-12-24', 'Strategist', '2008-12-18', 'Developer', 20, NULL),
	(59, 'Kuhn, Hayes and Becker', '1994-10-26', 'Assistant', '2003-11-02', 'Analyst', 20, NULL),
	(60, 'Senger-Olson', '1996-01-30', 'Assistant', '2000-02-21', 'Consultant', 20, NULL),
	(61, 'Braun, Feil and Nader', '2022-12-28', 'Representative', '2001-06-01', 'Associate', 21, NULL),
	(62, 'Hill-Pfeffer', '2010-09-25', 'Strategist', '2004-11-23', 'Designer', 21, NULL),
	(63, 'Bashirian, Casper and Schmeler', '2018-09-03', 'Orchestrator', '2021-01-02', 'Representative', 21, NULL),
	(64, 'Rodriguez, Wyman and Hettinger', '2016-05-01', 'Representative', '2004-01-17', 'Executive', 22, NULL),
	(65, 'Kautzer and Sons', '2009-12-04', 'Assistant', '1998-12-12', 'Specialist', 22, NULL),
	(66, 'Abernathy LLC', '2004-08-13', 'Designer', '2022-05-30', 'Strategist', 22, NULL),
	(67, 'Witting-Feil', '2001-02-17', 'Supervisor', '2007-02-05', 'Director', 23, NULL),
	(68, 'Upton, Miller and Parker', '1998-11-28', 'Officer', '2001-02-18', 'Planner', 23, NULL),
	(69, 'Boyle Inc', '2008-07-23', 'Architect', '1990-02-25', 'Manager', 23, NULL),
	(70, 'MacGyver Inc', '2017-04-16', 'Consultant', '2002-02-15', 'Producer', 24, NULL),
	(71, 'Veum-Wyman', '1990-02-01', 'Designer', '2002-03-02', 'Assistant', 24, NULL),
	(72, 'Kihn, Daugherty and Schamberger', '2013-02-01', 'Orchestrator', '2022-08-02', 'Officer', 24, NULL),
	(73, 'Kutch-Oberbrunner', '2012-04-21', 'Producer', '1993-04-28', 'Technician', 25, NULL),
	(74, 'Batz and Sons', '2015-06-03', 'Orchestrator', '1991-01-13', 'Manager', 25, NULL),
	(75, 'Bahringer and Sons', '2016-03-03', 'Engineer', '2014-12-09', 'Executive', 25, NULL),
	(76, 'White LLC', '2000-11-03', 'Administrator', '2022-04-04', 'Designer', 26, NULL),
	(77, 'Kuvalis Inc', '2017-03-21', 'Technician', '2018-04-19', 'Planner', 26, NULL),
	(78, 'Treutel and Sons', '2000-06-03', 'Consultant', '1994-01-10', 'Planner', 26, NULL),
	(79, 'Wunsch, Reynolds and Mayer', '2013-02-21', 'Designer', '2003-08-06', 'Engineer', 27, NULL),
	(80, 'Schaden, Bradtke and Toy', '1994-05-14', 'Designer', '2013-12-01', 'Administrator', 27, NULL),
	(81, 'Haag-Hirthe', '2010-09-14', 'Producer', '2016-04-19', 'Director', 27, NULL),
	(82, 'Rowe and Sons', '2003-02-09', 'Coordinator', '1995-07-21', 'Developer', 28, NULL),
	(83, 'Denesik Group', '2003-11-29', 'Associate', '2016-12-07', 'Director', 28, NULL),
	(84, 'Bailey, Kozey and Hodkiewicz', '2008-06-26', 'Producer', '2018-09-13', 'Agent', 28, NULL),
	(85, 'Balistreri LLC', '2000-12-02', 'Administrator', '1992-06-03', 'Orchestrator', 29, NULL),
	(86, 'Pfeffer, Daniel and Ebert', '1996-12-31', 'Consultant', '2002-07-02', 'Executive', 29, NULL),
	(87, 'Roberts Group', '2013-03-25', 'Engineer', '2022-08-09', 'Assistant', 29, NULL),
	(88, 'Schinner-Prosacco', '1997-08-13', 'Engineer', '2018-06-27', 'Producer', 30, NULL),
	(89, 'Krajcik-Collier', '2003-09-20', 'Orchestrator', '2005-07-27', 'Developer', 30, NULL),
	(90, 'Donnelly-Fadel', '1997-04-10', 'Representative', '2000-04-01', 'Developer', 30, NULL),
	(91, 'Kassulke, Hermiston and Moen', '2000-04-07', 'Administrator', '2011-01-31', 'Coordinator', 31, NULL),
	(92, 'Schiller, Wintheiser and Swift', '2001-07-19', 'Executive', '2003-08-28', 'Producer', 31, NULL),
	(93, 'Balistreri Group', '2024-10-27', 'Coordinator', '2002-06-15', 'Analyst', 31, NULL),
	(94, 'Feeney, Altenwerth and Rogahn', '2015-03-06', 'Planner', '1998-07-15', 'Architect', 32, NULL),
	(95, 'Renner, Braun and Zemlak', '2000-05-17', 'Associate', '2012-06-28', 'Developer', 32, NULL),
	(96, 'Fay, Hansen and Kub', '2021-11-01', 'Facilitator', '2004-06-03', 'Associate', 32, NULL),
	(97, 'Collins and Sons', '1991-04-08', 'Agent', '2013-05-19', 'Representative', 33, NULL),
	(98, 'Okuneva LLC', '2014-05-02', 'Engineer', '2017-02-24', 'Consultant', 33, NULL),
	(99, 'Jast Group', '2013-03-11', 'Executive', '2009-03-01', 'Architect', 33, NULL),
	(100, 'Zieme LLC', '1995-10-27', 'Director', '2011-01-15', 'Executive', 34, NULL),
	(101, 'Johns, Rowe and Harber', '2011-12-19', 'Specialist', '2000-02-23', 'Developer', 34, NULL),
	(102, 'Ritchie, Kohler and Jacobson', '2004-05-24', 'Supervisor', '1992-06-09', 'Liaison', 34, NULL),
	(103, 'Gibson-Dare', '2020-04-11', 'Architect', '2021-01-05', 'Assistant', 35, NULL),
	(104, 'Rath-Barrows', '2020-11-09', 'Coordinator', '2020-01-23', 'Specialist', 35, NULL),
	(105, 'Herzog and Sons', '1996-05-14', 'Liaison', '2017-12-03', 'Administrator', 35, NULL),
	(106, 'McLaughlin, Abbott and Ullrich', '2000-10-13', 'Architect', '2017-03-11', 'Developer', 36, NULL),
	(107, 'Homenick-Keeling', '2018-09-25', 'Liaison', '2001-02-17', 'Associate', 36, NULL),
	(108, 'Corwin-Dicki', '2021-11-01', 'Architect', '2014-06-02', 'Facilitator', 36, NULL),
	(109, 'Beer-Harvey', '1995-07-14', 'Administrator', '1991-04-26', 'Orchestrator', 37, NULL),
	(110, 'Rolfson, O\'Kon and Windler', '2017-06-15', 'Orchestrator', '2022-11-07', 'Designer', 37, NULL),
	(111, 'Hyatt Inc', '2009-12-21', 'Officer', '2021-02-05', 'Developer', 37, NULL),
	(112, 'Gerhold-Frami', '1994-11-25', 'Designer', '2006-09-24', 'Facilitator', 38, NULL),
	(113, 'Ruecker, Bergnaum and Lakin', '2009-07-06', 'Representative', '2012-03-15', 'Facilitator', 38, NULL),
	(114, 'Stiedemann, Stoltenberg and Howell', '1995-10-11', 'Executive', '2004-01-12', 'Facilitator', 38, NULL),
	(115, 'Satterfield, Schmitt and Stehr', '2010-01-22', 'Executive', '1999-08-06', 'Architect', 39, NULL),
	(116, 'Feil-Kuphal', '1993-01-17', 'Strategist', '2011-12-04', 'Technician', 39, NULL),
	(117, 'Metz, Ratke and Gleason', '1994-03-08', 'Coordinator', '1990-10-08', 'Liaison', 39, NULL),
	(118, 'Lockman and Sons', '2019-06-17', 'Coordinator', '2024-03-05', 'Assistant', 40, NULL),
	(119, 'McClure-Rosenbaum', '2022-04-11', 'Developer', '2020-06-05', 'Consultant', 40, NULL),
	(120, 'Veum-Stehr', '2009-02-09', 'Consultant', '2011-01-03', 'Coordinator', 40, NULL),
	(121, 'Gusikowski, Fritsch and Simonis', '1991-02-11', 'Representative', '2022-09-08', 'Developer', 41, NULL),
	(122, 'Williamson, Johns and Hermiston', '2006-05-10', 'Engineer', '2023-10-05', 'Liaison', 41, NULL),
	(123, 'Koch Inc', '2019-02-20', 'Consultant', '2018-08-05', 'Associate', 41, NULL),
	(124, 'D\'Amore, Gibson and Sporer', '2012-07-29', 'Executive', '2010-02-08', 'Engineer', 42, NULL),
	(125, 'Bayer, Douglas and Purdy', '1997-11-14', 'Designer', '2005-06-12', 'Architect', 42, NULL),
	(126, 'Feest, Purdy and Padberg', '2002-01-23', 'Analyst', '2023-08-23', 'Officer', 42, NULL),
	(127, 'Christiansen-Stiedemann', '2015-03-15', 'Director', '1995-04-14', 'Representative', 43, NULL),
	(128, 'Shields-Runolfsson', '1994-10-19', 'Director', '2003-09-07', 'Consultant', 43, NULL),
	(129, 'Wiegand-Emard', '2017-02-18', 'Liaison', '2017-03-12', 'Representative', 43, NULL),
	(130, 'Hirthe, Waters and Labadie', '2020-08-04', 'Director', '2007-01-11', 'Supervisor', 44, NULL),
	(131, 'Dicki Inc', '1997-01-19', 'Architect', '2005-04-30', 'Director', 44, NULL),
	(132, 'Kerluke Group', '1992-02-24', 'Planner', '2010-03-17', 'Specialist', 44, NULL),
	(133, 'Bailey-Lang', '1996-08-27', 'Assistant', '2008-12-22', 'Executive', 45, NULL),
	(134, 'Fay-Brown', '2020-08-25', 'Liaison', '2021-05-27', 'Producer', 45, NULL),
	(135, 'Nicolas-Adams', '2023-04-04', 'Facilitator', '2006-01-31', 'Specialist', 45, NULL),
	(136, 'Purdy Group', '2012-09-24', 'Facilitator', '1997-08-02', 'Orchestrator', 46, NULL),
	(137, 'Gottlieb, Bartell and Gibson', '2016-10-06', 'Assistant', '2005-01-27', 'Associate', 46, NULL),
	(138, 'Hauck, Rutherford and Kessler', '2022-12-22', 'Administrator', '2013-02-16', 'Manager', 46, NULL),
	(139, 'Barrows Group', '2022-08-11', 'Director', '1998-07-15', 'Engineer', 47, NULL),
	(140, 'Cummerata, Zulauf and Herzog', '2019-10-12', 'Supervisor', '2008-09-23', 'Architect', 47, NULL),
	(141, 'MacGyver-Dietrich', '2006-06-05', 'Associate', '2003-06-03', 'Strategist', 47, NULL),
	(142, 'Bode-Dickens', '2017-10-30', 'Executive', '2007-09-14', 'Consultant', 48, NULL),
	(143, 'Flatley and Sons', '1995-03-09', 'Analyst', '2017-07-10', 'Orchestrator', 48, NULL),
	(144, 'Toy-Hand', '1998-03-21', 'Executive', '1998-08-30', 'Planner', 48, NULL),
	(145, 'Schinner Inc', '2023-12-14', 'Producer', '2000-03-08', 'Liaison', 49, NULL),
	(146, 'Kirlin, Mann and Torphy', '1999-07-09', 'Officer', '2009-01-27', 'Assistant', 49, NULL),
	(147, 'Hackett Inc', '2008-04-26', 'Executive', '2008-12-31', 'Designer', 49, NULL),
	(148, 'Carter LLC', '1994-05-24', 'Analyst', '2016-07-21', 'Strategist', 50, NULL),
	(149, 'Schneider-Streich', '2001-09-05', 'Agent', '2011-07-06', 'Analyst', 50, NULL),
	(150, 'Sauer and Sons', '2002-12-02', 'Planner', '1990-08-27', 'Analyst', 50, NULL);

-- Dumping structure for table works_detail.job
CREATE TABLE IF NOT EXISTS `job` (
  `job_id` bigint(20) NOT NULL AUTO_INCREMENT,
  `job_desc` varchar(2000) NOT NULL,
  `job_name` varchar(255) NOT NULL,
  `com_id` bigint(20) DEFAULT NULL,
  `company` bigint(20) DEFAULT NULL,
  PRIMARY KEY (`job_id`),
  KEY `FKexhlpi1dtnhxnftqe4udd1ucg` (`com_id`),
  CONSTRAINT `FKexhlpi1dtnhxnftqe4udd1ucg` FOREIGN KEY (`com_id`) REFERENCES `company` (`com_id`)
) ENGINE=InnoDB AUTO_INCREMENT=501 DEFAULT CHARSET=latin1 COLLATE=latin1_swedish_ci;

-- Dumping data for table works_detail.job: ~500 rows (approximately)
REPLACE INTO `job` (`job_id`, `job_desc`, `job_name`, `com_id`, `company`) VALUES
	(1, 'green grape', 'Corporate Architect', 51, NULL),
	(2, 'hops', 'Mining Assistant', 51, NULL),
	(3, 'lychee', 'Product Real-Estate Analyst', 51, NULL),
	(4, 'orange blossom', 'Principal Government Architect', 51, NULL),
	(5, 'smokey', 'Investor Technology Associate', 51, NULL),
	(6, 'rose hips', 'Hospitality Associate', 51, NULL),
	(7, 'nutmeg', 'Consulting Representative', 51, NULL),
	(8, 'toast', 'Investor Facilitator', 51, NULL),
	(9, 'banana', 'Mining Liaison', 51, NULL),
	(10, 'soy sauce', 'Direct Legal Developer', 51, NULL),
	(11, 'fresh wood', 'Farming Planner', 52, NULL),
	(12, 'green pepper', 'Principal Engineer', 52, NULL),
	(13, 'peanut', 'Corporate Construction Developer', 52, NULL),
	(14, 'grapefruit', 'National Education Coordinator', 52, NULL),
	(15, 'cinnamon', 'Education Consultant', 52, NULL),
	(16, 'graham cracker', 'Chief Architect', 52, NULL),
	(17, 'baggy', 'Banking Orchestrator', 52, NULL),
	(18, 'raspberry', 'Product Healthcare Manager', 52, NULL),
	(19, 'papaya', 'Senior Community-Services Administrator', 52, NULL),
	(20, 'strawberry', 'Retail Executive', 52, NULL),
	(21, 'almond', 'Global Real-Estate Planner', 53, NULL),
	(22, 'lemonade', 'Dynamic Retail Strategist', 53, NULL),
	(23, 'milk chocolate', 'Dynamic Community-Services Executive', 53, NULL),
	(24, 'medicinal', 'Direct Government Facilitator', 53, NULL),
	(25, 'red grape', 'Legacy Real-Estate Director', 53, NULL),
	(26, 'cocoa powder', 'Marketing Strategist', 53, NULL),
	(27, 'granola', 'Global Analyst', 53, NULL),
	(28, 'marshmallow', 'Future Banking Developer', 53, NULL),
	(29, 'tobacco', 'Government Analyst', 53, NULL),
	(30, 'honeysuckle', 'Global Education Assistant', 53, NULL),
	(31, 'white grape', 'Farming Strategist', 54, NULL),
	(32, 'tobacco', 'Advertising Producer', 54, NULL),
	(33, 'green apple', 'Forward IT Specialist', 54, NULL),
	(34, 'baggy', 'IT Specialist', 54, NULL),
	(35, 'lemongrass', 'Regional Liaison', 54, NULL),
	(36, 'tamarind', 'Senior Advertising Analyst', 54, NULL),
	(37, 'tamarind', 'Customer Education Assistant', 54, NULL),
	(38, 'cream', 'Lead Supervisor', 54, NULL),
	(39, 'black-tea', 'Lead Sales Technician', 54, NULL),
	(40, 'peanut', 'Internal Director', 54, NULL),
	(41, 'bergamot', 'Healthcare Specialist', 55, NULL),
	(42, 'red apple', 'International Designer', 55, NULL),
	(43, 'sage', 'Technology Coordinator', 55, NULL),
	(44, 'apricot', 'Human Specialist', 55, NULL),
	(45, 'lychee', 'Principal Retail Manager', 55, NULL),
	(46, 'lemon', 'Regional Strategist', 55, NULL),
	(47, 'star fruit', 'Accounting Officer', 55, NULL),
	(48, 'mint', 'District Associate', 55, NULL),
	(49, 'vanilla', 'Construction Engineer', 55, NULL),
	(50, 'leathery', 'Advertising Associate', 55, NULL),
	(51, 'hibiscus', 'Customer Representative', 56, NULL),
	(52, 'marshmallow', 'Administration Officer', 56, NULL),
	(53, 'quakery', 'Consulting Director', 56, NULL),
	(54, 'black pepper', 'Internal Technology Officer', 56, NULL),
	(55, 'golden raisin', 'Mining Facilitator', 56, NULL),
	(56, 'plum', 'Regional Marketing Strategist', 56, NULL),
	(57, 'graham cracker', 'Administration Analyst', 56, NULL),
	(58, 'granola', 'Direct Government Consultant', 56, NULL),
	(59, 'grassy', 'International Legal Architect', 56, NULL),
	(60, 'mint', 'Regional Assistant', 56, NULL),
	(61, 'cedar', 'Chief Education Technician', 57, NULL),
	(62, 'soil', 'Administration Supervisor', 57, NULL),
	(63, 'white grape', 'Central Consultant', 57, NULL),
	(64, 'lavender', 'Technology Liaison', 57, NULL),
	(65, 'cantaloupe', 'Corporate Orchestrator', 57, NULL),
	(66, 'dates', 'Internal Real-Estate Strategist', 57, NULL),
	(67, 'soil', 'International Accounting Specialist', 57, NULL),
	(68, 'cedar', 'Forward Manufacturing Producer', 57, NULL),
	(69, 'rose hips', 'Lead Manufacturing Officer', 57, NULL),
	(70, 'orange blossom', 'Mining Assistant', 57, NULL),
	(71, 'lemon verbena', 'Direct Consulting Engineer', 58, NULL),
	(72, 'clove', 'Technology Agent', 58, NULL),
	(73, 'carbon', 'Accounting Orchestrator', 58, NULL),
	(74, 'cinnamon', 'Sales Designer', 58, NULL),
	(75, 'figs', 'Consulting Facilitator', 58, NULL),
	(76, 'red apple', 'Future Consulting Engineer', 58, NULL),
	(77, 'lavender', 'Chief Liaison', 58, NULL),
	(78, 'nutella', 'Healthcare Engineer', 58, NULL),
	(79, 'granola', 'District Banking Planner', 58, NULL),
	(80, 'lemonade', 'Retail Assistant', 58, NULL),
	(81, 'fresh wood', 'National Real-Estate Specialist', 59, NULL),
	(82, 'hops', 'International Construction Consultant', 59, NULL),
	(83, 'orange blossom', 'Construction Supervisor', 59, NULL),
	(84, 'star fruit', 'Retail Director', 59, NULL),
	(85, 'green-tea', 'Dynamic Real-Estate Facilitator', 59, NULL),
	(86, 'cola', 'Human Construction Administrator', 59, NULL),
	(87, 'coconut', 'Regional Coordinator', 59, NULL),
	(88, 'green pepper', 'Global Real-Estate Assistant', 59, NULL),
	(89, 'mint', 'Regional Mining Assistant', 59, NULL),
	(90, 'nougat', 'Internal Banking Designer', 59, NULL),
	(91, 'tomato', 'Legacy Producer', 60, NULL),
	(92, 'brown sugar', 'Forward Hospitality Supervisor', 60, NULL),
	(93, 'vanilla', 'Mining Supervisor', 60, NULL),
	(94, 'red currant', 'IT Liaison', 60, NULL),
	(95, 'cashew', 'Administration Facilitator', 60, NULL),
	(96, 'orange creamsicle', 'District Architect', 60, NULL),
	(97, 'fresh wood', 'Advertising Planner', 60, NULL),
	(98, 'sundried tomato', 'Education Facilitator', 60, NULL),
	(99, 'graham cracker', 'Chief Healthcare Technician', 60, NULL),
	(100, 'maple syrup', 'Lead Designer', 60, NULL),
	(101, 'peanut', 'Investor Administration Analyst', 61, NULL),
	(102, 'granola', 'Investor Legal Manager', 61, NULL),
	(103, 'lemongrass', 'Corporate Analyst', 61, NULL),
	(104, 'marshmallow', 'Design Planner', 61, NULL),
	(105, 'jasmine', 'Farming Planner', 61, NULL),
	(106, 'carmel', 'Central Retail Agent', 61, NULL),
	(107, 'musty', 'Central Administration Specialist', 61, NULL),
	(108, 'bakers chocolate', 'Lead Government Analyst', 61, NULL),
	(109, 'hay', 'Senior Accounting Supervisor', 61, NULL),
	(110, 'lemongrass', 'Investor Officer', 61, NULL),
	(111, 'rubber', 'Dynamic Government Designer', 62, NULL),
	(112, 'dill', 'Product Government Orchestrator', 62, NULL),
	(113, 'musty', 'Real-Estate Executive', 62, NULL),
	(114, 'snow pea', 'IT Designer', 62, NULL),
	(115, 'bergamot', 'Forward Technology Architect', 62, NULL),
	(116, 'mango', 'Consulting Agent', 62, NULL),
	(117, 'curry', 'Senior Legal Specialist', 62, NULL),
	(118, 'cedar', 'Advertising Producer', 62, NULL),
	(119, 'cranberry', 'Customer Administrator', 62, NULL),
	(120, 'green apple', 'Government Supervisor', 62, NULL),
	(121, 'cola', 'Legal Designer', 63, NULL),
	(122, 'cedar', 'Healthcare Associate', 63, NULL),
	(123, 'orange', 'Hospitality Technician', 63, NULL),
	(124, 'baggy', 'Senior IT Engineer', 63, NULL),
	(125, 'orange', 'Human Healthcare Orchestrator', 63, NULL),
	(126, 'lychee', 'Chief Hospitality Liaison', 63, NULL),
	(127, 'prune', 'Principal Facilitator', 63, NULL),
	(128, 'red currant', 'Investor Administration Supervisor', 63, NULL),
	(129, 'milk chocolate', 'IT Executive', 63, NULL),
	(130, 'sugar cane', 'Global Coordinator', 63, NULL),
	(131, 'tamarind', 'Principal Engineer', 64, NULL),
	(132, 'cranberry', 'Human Advertising Analyst', 64, NULL),
	(133, 'banana', 'Product Sales Liaison', 64, NULL),
	(134, 'golden raisin', 'Education Supervisor', 64, NULL),
	(135, 'mushroom', 'Accounting Administrator', 64, NULL),
	(136, 'cherry', 'Banking Liaison', 64, NULL),
	(137, 'carmel', 'Real-Estate Coordinator', 64, NULL),
	(138, 'soil', 'Future Engineer', 64, NULL),
	(139, 'peach', 'Legacy Strategist', 64, NULL),
	(140, 'soy sauce', 'Retail Specialist', 64, NULL),
	(141, 'fresh bread', 'Advertising Consultant', 65, NULL),
	(142, 'tamarind', 'Human Technician', 65, NULL),
	(143, 'dates', 'Lead Producer', 65, NULL),
	(144, 'leathery', 'Hospitality Supervisor', 65, NULL),
	(145, 'sundried tomato', 'Future Liaison', 65, NULL),
	(146, 'cocoa powder', 'Chief Real-Estate Specialist', 65, NULL),
	(147, 'rose hips', 'Senior Legal Architect', 65, NULL),
	(148, 'pineapple', 'Senior Mining Analyst', 65, NULL),
	(149, 'snow pea', 'Global Government Planner', 65, NULL),
	(150, 'clementine', 'Internal Developer', 65, NULL),
	(151, 'tangerine', 'Global Education Engineer', 66, NULL),
	(152, 'snow pea', 'Future Specialist', 66, NULL),
	(153, 'apricot', 'Principal Technology Technician', 66, NULL),
	(154, 'red grape', 'International Design Agent', 66, NULL),
	(155, 'honey', 'District Real-Estate Strategist', 66, NULL),
	(156, 'kiwi', 'Dynamic Engineer', 66, NULL),
	(157, 'sage', 'International Representative', 66, NULL),
	(158, 'orange blossom', 'Administration Specialist', 66, NULL),
	(159, 'tomato', 'International Planner', 66, NULL),
	(160, 'medicinal', 'Product Healthcare Facilitator', 66, NULL),
	(161, 'red currant', 'Government Developer', 67, NULL),
	(162, 'lemon verbena', 'Hospitality Designer', 67, NULL),
	(163, 'cedar', 'Advertising Administrator', 67, NULL),
	(164, 'lemongrass', 'Legacy Planner', 67, NULL),
	(165, 'butter', 'Customer Supervisor', 67, NULL),
	(166, 'black currant', 'Direct IT Coordinator', 67, NULL),
	(167, 'nutmeg', 'Sales Manager', 67, NULL),
	(168, 'maple syrup', 'Government Strategist', 67, NULL),
	(169, 'clementine', 'Central Consulting Agent', 67, NULL),
	(170, 'leathery', 'Accounting Supervisor', 67, NULL),
	(171, 'dates', 'Forward Manufacturing Consultant', 68, NULL),
	(172, 'ginger', 'Design Manager', 68, NULL),
	(173, 'soil', 'International Mining Specialist', 68, NULL),
	(174, 'cinnamon', 'Chief Officer', 68, NULL),
	(175, 'ginger', 'Lead Accounting Executive', 68, NULL),
	(176, 'tamarind', 'Customer Designer', 68, NULL),
	(177, 'dill', 'Manufacturing Technician', 68, NULL),
	(178, 'red grape', 'Community-Services Agent', 68, NULL),
	(179, 'lemongrass', 'International Healthcare Executive', 68, NULL),
	(180, 'cedar', 'Product Accounting Consultant', 68, NULL),
	(181, 'raspberry', 'Advertising Administrator', 69, NULL),
	(182, 'plum', 'Forward Retail Designer', 69, NULL),
	(183, 'musty', 'Retail Officer', 69, NULL),
	(184, 'peanut', 'Forward Executive', 69, NULL),
	(185, 'raspberry', 'Community-Services Coordinator', 69, NULL),
	(186, 'milk chocolate', 'Future Consultant', 69, NULL),
	(187, 'cream', 'Central Manager', 69, NULL),
	(188, 'black cherry', 'Forward Farming Liaison', 69, NULL),
	(189, 'brown sugar', 'District Designer', 69, NULL),
	(190, 'lavender', 'Banking Producer', 69, NULL),
	(191, 'pecan', 'Government Manager', 70, NULL),
	(192, 'green apple', 'Senior Community-Services Manager', 70, NULL),
	(193, 'grassy', 'Consulting Administrator', 70, NULL),
	(194, 'soy sauce', 'Regional Director', 70, NULL),
	(195, 'green pepper', 'Direct Legal Architect', 70, NULL),
	(196, 'black-tea', 'Community-Services Coordinator', 70, NULL),
	(197, 'fresh bread', 'Farming Specialist', 70, NULL),
	(198, 'cashew', 'Consulting Officer', 70, NULL),
	(199, 'almond', 'Legacy Producer', 70, NULL),
	(200, 'orange creamsicle', 'National Representative', 70, NULL),
	(201, 'cantaloupe', 'Corporate Hospitality Technician', 71, NULL),
	(202, 'vanilla', 'Internal Coordinator', 71, NULL),
	(203, 'butter', 'Accounting Officer', 71, NULL),
	(204, 'plum', 'Human Retail Associate', 71, NULL),
	(205, 'smokey', 'Accounting Coordinator', 71, NULL),
	(206, 'medicinal', 'Community-Services Technician', 71, NULL),
	(207, 'strawberry', 'Global Advertising Assistant', 71, NULL),
	(208, 'ginger', 'IT Administrator', 71, NULL),
	(209, 'golden raisin', 'Global Liaison', 71, NULL),
	(210, 'wheat', 'Legacy Agent', 71, NULL),
	(211, 'fresh bread', 'International IT Consultant', 72, NULL),
	(212, 'hay', 'Corporate Real-Estate Officer', 72, NULL),
	(213, 'quakery', 'Retail Officer', 72, NULL),
	(214, 'rubber', 'Banking Associate', 72, NULL),
	(215, 'sundried tomato', 'Mining Specialist', 72, NULL),
	(216, 'butter', 'Senior Farming Technician', 72, NULL),
	(217, 'baggy', 'Product Mining Specialist', 72, NULL),
	(218, 'sweet pea', 'Central Banking Planner', 72, NULL),
	(219, 'bittersweet chocolate', 'Sales Producer', 72, NULL),
	(220, 'dates', 'Lead Strategist', 72, NULL),
	(221, 'concord grape', 'Direct Designer', 73, NULL),
	(222, 'cedar', 'Accounting Planner', 73, NULL),
	(223, 'molasses', 'Sales Consultant', 73, NULL),
	(224, 'cocoa powder', 'Dynamic Technology Liaison', 73, NULL),
	(225, 'leafy greens', 'Legacy Analyst', 73, NULL),
	(226, 'black currant', 'Banking Coordinator', 73, NULL),
	(227, 'cranberry', 'Regional Design Consultant', 73, NULL),
	(228, 'green-tea', 'Manufacturing Director', 73, NULL),
	(229, 'black pepper', 'National Director', 73, NULL),
	(230, 'liquorice', 'Education Analyst', 73, NULL),
	(231, 'apricot', 'Dynamic Strategist', 74, NULL),
	(232, 'raspberry', 'Legacy Education Architect', 74, NULL),
	(233, 'potato defect!', 'Future Administration Executive', 74, NULL),
	(234, 'soil', 'Sales Manager', 74, NULL),
	(235, 'kiwi', 'Community-Services Architect', 74, NULL),
	(236, 'toast', 'Legacy Banking Facilitator', 74, NULL),
	(237, 'honeysuckle', 'Internal Sales Associate', 74, NULL),
	(238, 'red currant', 'Regional Consulting Orchestrator', 74, NULL),
	(239, 'kiwi', 'Customer Real-Estate Manager', 74, NULL),
	(240, 'meyer lemon', 'Mining Supervisor', 74, NULL),
	(241, 'lemongrass', 'National Healthcare Assistant', 75, NULL),
	(242, 'sage', 'Consulting Manager', 75, NULL),
	(243, 'bittersweet chocolate', 'Healthcare Facilitator', 75, NULL),
	(244, 'quakery', 'Hospitality Coordinator', 75, NULL),
	(245, 'hazelnut', 'Healthcare Administrator', 75, NULL),
	(246, 'clementine', 'Healthcare Liaison', 75, NULL),
	(247, 'mint', 'Marketing Technician', 75, NULL),
	(248, 'soy sauce', 'Construction Facilitator', 75, NULL),
	(249, 'musty', 'Community-Services Supervisor', 75, NULL),
	(250, 'fresh wood', 'Legacy Liaison', 75, NULL),
	(251, 'lavender', 'National Healthcare Facilitator', 76, NULL),
	(252, 'nutmeg', 'Customer Real-Estate Agent', 76, NULL),
	(253, 'prune', 'Senior Administration Engineer', 76, NULL),
	(254, 'baggy', 'Product Sales Analyst', 76, NULL),
	(255, 'dill', 'Corporate Farming Consultant', 76, NULL),
	(256, 'mango', 'Legacy Real-Estate Technician', 76, NULL),
	(257, 'almond', 'Consulting Engineer', 76, NULL),
	(258, 'smokey', 'Investor Manufacturing Designer', 76, NULL),
	(259, 'curry', 'Lead Design Technician', 76, NULL),
	(260, 'squash', 'Direct Engineer', 76, NULL),
	(261, 'hibiscus', 'Human Designer', 77, NULL),
	(262, 'nectarine', 'Lead Community-Services Manager', 77, NULL),
	(263, 'apricot', 'Retail Architect', 77, NULL),
	(264, 'burnt sugar', 'Administration Administrator', 77, NULL),
	(265, 'wheat', 'Consulting Consultant', 77, NULL),
	(266, 'dill', 'Dynamic Healthcare Orchestrator', 77, NULL),
	(267, 'mandarin', 'Manufacturing Planner', 77, NULL),
	(268, 'cream', 'Hospitality Technician', 77, NULL),
	(269, 'walnut', 'Future Supervisor', 77, NULL),
	(270, 'bergamot', 'Global IT Designer', 77, NULL),
	(271, 'hay', 'Dynamic Supervisor', 78, NULL),
	(272, 'maple syrup', 'Customer Supervisor', 78, NULL),
	(273, 'black pepper', 'Senior Technology Producer', 78, NULL),
	(274, 'peanut', 'Product Healthcare Technician', 78, NULL),
	(275, 'nutella', 'Banking Technician', 78, NULL),
	(276, 'black cherry', 'Construction Engineer', 78, NULL),
	(277, 'lime', 'Mining Technician', 78, NULL),
	(278, 'honey', 'National Producer', 78, NULL),
	(279, 'plum', 'IT Executive', 78, NULL),
	(280, 'watermelon', 'Senior Sales Producer', 78, NULL),
	(281, 'snow pea', 'Consulting Liaison', 79, NULL),
	(282, 'leafy greens', 'Marketing Technician', 79, NULL),
	(283, 'lemonade', 'Lead Officer', 79, NULL),
	(284, 'tangerine', 'Design Liaison', 79, NULL),
	(285, 'bakers chocolate', 'Principal Community-Services Architect', 79, NULL),
	(286, 'burnt sugar', 'Global Marketing Architect', 79, NULL),
	(287, 'medicinal', 'Legacy Coordinator', 79, NULL),
	(288, 'maple syrup', 'Chief Banking Executive', 79, NULL),
	(289, 'pineapple', 'Healthcare Planner', 79, NULL),
	(290, 'golden raisin', 'Internal Healthcare Officer', 79, NULL),
	(291, 'cocoa powder', 'Legal Manager', 80, NULL),
	(292, 'black-tea', 'National Construction Technician', 80, NULL),
	(293, 'soil', 'National Orchestrator', 80, NULL),
	(294, 'figs', 'Construction Executive', 80, NULL),
	(295, 'mandarin', 'Chief Associate', 80, NULL),
	(296, 'rose hips', 'Senior Community-Services Agent', 80, NULL),
	(297, 'lavender', 'Dynamic Liaison', 80, NULL),
	(298, 'cedar', 'Real-Estate Liaison', 80, NULL),
	(299, 'fresh wood', 'Internal Manufacturing Facilitator', 80, NULL),
	(300, 'lemon verbena', 'IT Officer', 80, NULL),
	(301, 'graham cracker', 'Investor Design Orchestrator', 81, NULL),
	(302, 'carmel', 'International Legal Analyst', 81, NULL),
	(303, 'squash', 'Design Supervisor', 81, NULL),
	(304, 'concord grape', 'Sales Designer', 81, NULL),
	(305, 'marzipan', 'Future Marketing Technician', 81, NULL),
	(306, 'curry', 'Lead Strategist', 81, NULL),
	(307, 'almond', 'Hospitality Administrator', 81, NULL),
	(308, 'lemon', 'Human IT Agent', 81, NULL),
	(309, 'liquorice', 'Principal Technology Planner', 81, NULL),
	(310, 'jasmine', 'Principal Real-Estate Administrator', 81, NULL),
	(311, 'sage', 'IT Specialist', 82, NULL),
	(312, 'black currant', 'Legacy Administration Consultant', 82, NULL),
	(313, 'maple syrup', 'Legacy Banking Developer', 82, NULL),
	(314, 'green grape', 'Mining Orchestrator', 82, NULL),
	(315, 'tomato', 'Principal Marketing Facilitator', 82, NULL),
	(316, 'orange', 'Senior Advertising Director', 82, NULL),
	(317, 'grassy', 'Farming Planner', 82, NULL),
	(318, 'green apple', 'Lead Technology Representative', 82, NULL),
	(319, 'sugar cane', 'Marketing Facilitator', 82, NULL),
	(320, 'fresh bread', 'Future IT Facilitator', 82, NULL),
	(321, 'toast', 'Farming Planner', 83, NULL),
	(322, 'clove', 'National Healthcare Developer', 83, NULL),
	(323, 'grapefruit', 'Global Hospitality Strategist', 83, NULL),
	(324, 'prune', 'Government Liaison', 83, NULL),
	(325, 'lavender', 'Future Technology Agent', 83, NULL),
	(326, 'jasmine', 'Forward Consulting Facilitator', 83, NULL),
	(327, 'carbon', 'Technology Administrator', 83, NULL),
	(328, 'cedar', 'Consulting Director', 83, NULL),
	(329, 'cinnamon', 'Corporate Healthcare Liaison', 83, NULL),
	(330, 'cedar', 'Direct Sales Officer', 83, NULL),
	(331, 'hibiscus', 'Chief Real-Estate Planner', 84, NULL),
	(332, 'jasmine', 'Accounting Supervisor', 84, NULL),
	(333, 'curry', 'Banking Specialist', 84, NULL),
	(334, 'mint', 'Product Technology Architect', 84, NULL),
	(335, 'red grape', 'Direct Healthcare Representative', 84, NULL),
	(336, 'cranberry', 'Lead Executive', 84, NULL),
	(337, 'golden raisin', 'Human Farming Producer', 84, NULL),
	(338, 'vanilla', 'District Executive', 84, NULL),
	(339, 'apricot', 'Marketing Liaison', 84, NULL),
	(340, 'pecan', 'Customer Real-Estate Specialist', 84, NULL),
	(341, 'cacao nibs', 'Construction Planner', 85, NULL),
	(342, 'leafy greens', 'District Producer', 85, NULL),
	(343, 'cacao nibs', 'Global Community-Services Associate', 85, NULL),
	(344, 'prune', 'Construction Administrator', 85, NULL),
	(345, 'nougat', 'Sales Executive', 85, NULL),
	(346, 'lemon', 'Global Agent', 85, NULL),
	(347, 'medicinal', 'Customer Banking Consultant', 85, NULL),
	(348, 'hay', 'Legal Engineer', 85, NULL),
	(349, 'green grape', 'Accounting Executive', 85, NULL),
	(350, 'rubber', 'Community-Services Director', 85, NULL),
	(351, 'walnut', 'Government Executive', 86, NULL),
	(352, 'green pepper', 'Senior Government Analyst', 86, NULL),
	(353, 'plum', 'Mining Coordinator', 86, NULL),
	(354, 'nutmeg', 'Senior Community-Services Planner', 86, NULL),
	(355, 'peanut', 'Government Producer', 86, NULL),
	(356, 'plum', 'Central Government Specialist', 86, NULL),
	(357, 'brown sugar', 'District Analyst', 86, NULL),
	(358, 'green-tea', 'Internal Developer', 86, NULL),
	(359, 'orange', 'IT Producer', 86, NULL),
	(360, 'quakery', 'Hospitality Executive', 86, NULL),
	(361, 'clementine', 'Central Sales Director', 87, NULL),
	(362, 'raisin', 'Design Orchestrator', 87, NULL),
	(363, 'nutmeg', 'Hospitality Executive', 87, NULL),
	(364, 'cola', 'Farming Engineer', 87, NULL),
	(365, 'lychee', 'Consulting Engineer', 87, NULL),
	(366, 'orange creamsicle', 'Technology Strategist', 87, NULL),
	(367, 'bakers chocolate', 'Forward Marketing Manager', 87, NULL),
	(368, 'pecan', 'Future Construction Producer', 87, NULL),
	(369, 'burnt sugar', 'Accounting Liaison', 87, NULL),
	(370, 'red apple', 'Global Officer', 87, NULL),
	(371, 'cashew', 'Direct Community-Services Coordinator', 88, NULL),
	(372, 'passion fruit', 'Investor Technician', 88, NULL),
	(373, 'bittersweet chocolate', 'Government Administrator', 88, NULL),
	(374, 'nougat', 'Central Mining Executive', 88, NULL),
	(375, 'raisin', 'Product Representative', 88, NULL),
	(376, 'dill', 'Central Banking Consultant', 88, NULL),
	(377, 'carbon', 'Principal Accounting Assistant', 88, NULL),
	(378, 'plum', 'Regional Consulting Liaison', 88, NULL),
	(379, 'leafy greens', 'Retail Planner', 88, NULL),
	(380, 'pineapple', 'Principal Education Designer', 88, NULL),
	(381, 'hibiscus', 'Consulting Specialist', 89, NULL),
	(382, 'kiwi', 'Education Consultant', 89, NULL),
	(383, 'lemonade', 'Farming Developer', 89, NULL),
	(384, 'bergamot', 'Customer Real-Estate Designer', 89, NULL),
	(385, 'smokey', 'Customer Farming Designer', 89, NULL),
	(386, 'lemonade', 'Construction Consultant', 89, NULL),
	(387, 'raisin', 'Accounting Planner', 89, NULL),
	(388, 'almond', 'Product Coordinator', 89, NULL),
	(389, 'hazelnut', 'Design Manager', 89, NULL),
	(390, 'toast', 'IT Planner', 89, NULL),
	(391, 'tobacco', 'Retail Technician', 90, NULL),
	(392, 'cola', 'Consulting Agent', 90, NULL),
	(393, 'tamarind', 'Chief Marketing Assistant', 90, NULL),
	(394, 'red currant', 'Investor Banking Strategist', 90, NULL),
	(395, 'butter', 'Accounting Strategist', 90, NULL),
	(396, 'cacao nibs', 'Government Facilitator', 90, NULL),
	(397, 'honeydew', 'Sales Technician', 90, NULL),
	(398, 'prune', 'Advertising Planner', 90, NULL),
	(399, 'lychee', 'Central Construction Supervisor', 90, NULL),
	(400, 'honeysuckle', 'Chief Manufacturing Strategist', 90, NULL),
	(401, 'vanilla', 'Design Assistant', 91, NULL),
	(402, 'cacao nibs', 'Corporate Healthcare Supervisor', 91, NULL),
	(403, 'honey', 'Product Community-Services Engineer', 91, NULL),
	(404, 'leafy greens', 'National Designer', 91, NULL),
	(405, 'marzipan', 'Administration Strategist', 91, NULL),
	(406, 'black-tea', 'Community-Services Agent', 91, NULL),
	(407, 'molasses', 'Customer Advertising Liaison', 91, NULL),
	(408, 'brown sugar', 'Accounting Architect', 91, NULL),
	(409, 'black pepper', 'Chief Architect', 91, NULL),
	(410, 'sweet pea', 'Principal Facilitator', 91, NULL),
	(411, 'dill', 'Manufacturing Facilitator', 92, NULL),
	(412, 'passion fruit', 'Human Executive', 92, NULL),
	(413, 'sweet pea', 'Accounting Administrator', 92, NULL),
	(414, 'bakers chocolate', 'Chief Real-Estate Representative', 92, NULL),
	(415, 'leafy greens', 'Senior Government Officer', 92, NULL),
	(416, 'lemon', 'Human Community-Services Coordinator', 92, NULL),
	(417, 'ginger', 'Healthcare Executive', 92, NULL),
	(418, 'apricot', 'Farming Administrator', 92, NULL),
	(419, 'red apple', 'Senior Designer', 92, NULL),
	(420, 'strawberry', 'Investor Manufacturing Officer', 92, NULL),
	(421, 'golden raisin', 'Principal Facilitator', 93, NULL),
	(422, 'sweet pea', 'Investor Government Planner', 93, NULL),
	(423, 'cedar', 'Consulting Technician', 93, NULL),
	(424, 'cola', 'Consulting Administrator', 93, NULL),
	(425, 'pineapple', 'Global Director', 93, NULL),
	(426, 'olive', 'Mining Developer', 93, NULL),
	(427, 'nutmeg', 'Manufacturing Assistant', 93, NULL),
	(428, 'red currant', 'District Marketing Executive', 93, NULL),
	(429, 'hazelnut', 'Accounting Supervisor', 93, NULL),
	(430, 'tobacco', 'Administration Orchestrator', 93, NULL),
	(431, 'cedar', 'Design Architect', 94, NULL),
	(432, 'sweet pea', 'Advertising Facilitator', 94, NULL),
	(433, 'cacao nibs', 'Healthcare Developer', 94, NULL),
	(434, 'quakery', 'Global Architect', 94, NULL),
	(435, 'fresh bread', 'Internal Supervisor', 94, NULL),
	(436, 'kiwi', 'Sales Assistant', 94, NULL),
	(437, 'mandarin', 'Direct Advertising Facilitator', 94, NULL),
	(438, 'bakers chocolate', 'Internal Community-Services Developer', 94, NULL),
	(439, 'squash', 'Human Accounting Planner', 94, NULL),
	(440, 'cola', 'Retail Director', 94, NULL),
	(441, 'green pepper', 'Future Planner', 95, NULL),
	(442, 'tomato', 'Retail Specialist', 95, NULL),
	(443, 'burnt sugar', 'Hospitality Assistant', 95, NULL),
	(444, 'coconut', 'District Consulting Executive', 95, NULL),
	(445, 'meyer lemon', 'Real-Estate Assistant', 95, NULL),
	(446, 'orange', 'Sales Orchestrator', 95, NULL),
	(447, 'raspberry', 'Direct Producer', 95, NULL),
	(448, 'carbon', 'Banking Associate', 95, NULL),
	(449, 'dates', 'Manufacturing Developer', 95, NULL),
	(450, 'raspberry', 'Chief Coordinator', 95, NULL),
	(451, 'green-tea', 'Future Technology Associate', 96, NULL),
	(452, 'lemon', 'Community-Services Engineer', 96, NULL),
	(453, 'liquorice', 'Global Assistant', 96, NULL),
	(454, 'cocoa powder', 'Forward Farming Orchestrator', 96, NULL),
	(455, 'graham cracker', 'Government Director', 96, NULL),
	(456, 'hibiscus', 'Real-Estate Administrator', 96, NULL),
	(457, 'mint', 'Principal Manufacturing Administrator', 96, NULL),
	(458, 'granola', 'Administration Producer', 96, NULL),
	(459, 'potato defect!', 'Real-Estate Facilitator', 96, NULL),
	(460, 'ginger', 'Forward Administration Engineer', 96, NULL),
	(461, 'red grape', 'Regional Construction Designer', 97, NULL),
	(462, 'lemon verbena', 'Future Architect', 97, NULL),
	(463, 'cantaloupe', 'Lead Marketing Executive', 97, NULL),
	(464, 'lime', 'Design Liaison', 97, NULL),
	(465, 'hazelnut', 'District Orchestrator', 97, NULL),
	(466, 'carmel', 'Advertising Orchestrator', 97, NULL),
	(467, 'red grape', 'Construction Producer', 97, NULL),
	(468, 'green pepper', 'Consulting Architect', 97, NULL),
	(469, 'figs', 'Central Accounting Orchestrator', 97, NULL),
	(470, 'lemon', 'Sales Liaison', 97, NULL),
	(471, 'peanut', 'Lead Retail Agent', 98, NULL),
	(472, 'tomato', 'Principal Government Manager', 98, NULL),
	(473, 'orange', 'District Banking Associate', 98, NULL),
	(474, 'rose hips', 'Principal Producer', 98, NULL),
	(475, 'red grape', 'Future Specialist', 98, NULL),
	(476, 'vanilla', 'Real-Estate Architect', 98, NULL),
	(477, 'red currant', 'Chief Supervisor', 98, NULL),
	(478, 'clementine', 'Regional Real-Estate Orchestrator', 98, NULL),
	(479, 'green pepper', 'Central Education Officer', 98, NULL),
	(480, 'bergamot', 'Principal Specialist', 98, NULL),
	(481, 'quakery', 'Farming Producer', 99, NULL),
	(482, 'mushroom', 'Regional Construction Designer', 99, NULL),
	(483, 'nutella', 'Dynamic Representative', 99, NULL),
	(484, 'raspberry', 'Construction Liaison', 99, NULL),
	(485, 'white pepper', 'Future Supervisor', 99, NULL),
	(486, 'sugar cane', 'Manufacturing Developer', 99, NULL),
	(487, 'musty', 'Internal Construction Orchestrator', 99, NULL),
	(488, 'sugar cane', 'Global Analyst', 99, NULL),
	(489, 'potato defect!', 'Lead IT Agent', 99, NULL),
	(490, 'cedar', 'Technology Engineer', 99, NULL),
	(491, 'green pepper', 'Sales Administrator', 100, NULL),
	(492, 'golden raisin', 'Senior Manufacturing Supervisor', 100, NULL),
	(493, 'green-tea', 'District Advertising Developer', 100, NULL),
	(494, 'almond', 'Investor Advertising Administrator', 100, NULL),
	(495, 'corriander', 'Corporate Construction Manager', 100, NULL),
	(496, 'rose hips', 'Future Manufacturing Engineer', 100, NULL),
	(497, 'grassy', 'Administration Director', 100, NULL),
	(498, 'orange creamsicle', 'District Orchestrator', 100, NULL),
	(499, 'soil', 'Community-Services Strategist', 100, NULL),
	(500, 'kiwi', 'Chief Engineer', 100, NULL);

-- Dumping structure for table works_detail.job_skill
CREATE TABLE IF NOT EXISTS `job_skill` (
  `more_infos` varchar(1000) DEFAULT NULL,
  `skill_level` int(11) NOT NULL,
  `job_id` bigint(20) NOT NULL,
  `skill_id` bigint(20) NOT NULL,
  PRIMARY KEY (`job_id`,`skill_id`),
  KEY `FKj33qbbf3vk1lvhqpcosnh54u1` (`skill_id`),
  CONSTRAINT `FK9ix4wg520ii2gu2felxdhdup6` FOREIGN KEY (`job_id`) REFERENCES `job` (`job_id`),
  CONSTRAINT `FKj33qbbf3vk1lvhqpcosnh54u1` FOREIGN KEY (`skill_id`) REFERENCES `skill` (`skill_id`)
) ENGINE=InnoDB DEFAULT CHARSET=latin1 COLLATE=latin1_swedish_ci;

-- Dumping data for table works_detail.job_skill: ~2,416 rows (approximately)
REPLACE INTO `job_skill` (`more_infos`, `skill_level`, `job_id`, `skill_id`) VALUES
	('Liaison', 4, 1, 10),
	('Manager', 5, 1, 16),
	('Director', 2, 1, 25),
	('Strategist', 5, 1, 31),
	('Producer', 5, 2, 3),
	('Manager', 3, 2, 9),
	('Producer', 4, 2, 25),
	('Planner', 4, 2, 39),
	('Administrator', 5, 2, 45),
	('Engineer', 4, 3, 11),
	('Orchestrator', 3, 3, 19),
	('Architect', 2, 3, 33),
	('Manager', 2, 3, 41),
	('Director', 5, 3, 42),
	('Associate', 3, 4, 9),
	('Associate', 5, 4, 14),
	('Officer', 4, 4, 29),
	('Agent', 3, 4, 39),
	('Assistant', 2, 4, 44),
	('Technician', 3, 5, 1),
	('Administrator', 5, 5, 20),
	('Engineer', 2, 5, 27),
	('Associate', 2, 5, 31),
	('Assistant', 4, 5, 49),
	('Strategist', 1, 6, 5),
	('Administrator', 2, 6, 29),
	('Director', 3, 6, 30),
	('Executive', 3, 6, 33),
	('Producer', 2, 6, 47),
	('Strategist', 2, 7, 6),
	('Analyst', 3, 7, 25),
	('Planner', 4, 7, 28),
	('Producer', 2, 7, 29),
	('Executive', 4, 7, 31),
	('Planner', 2, 8, 4),
	('Representative', 3, 8, 5),
	('Designer', 3, 8, 22),
	('Coordinator', 4, 8, 28),
	('Director', 3, 8, 37),
	('Liaison', 1, 9, 17),
	('Associate', 5, 9, 23),
	('Technician', 4, 9, 26),
	('Developer', 4, 9, 27),
	('Designer', 5, 9, 48),
	('Specialist', 1, 10, 7),
	('Assistant', 1, 10, 15),
	('Assistant', 4, 10, 26),
	('Agent', 3, 10, 28),
	('Associate', 1, 10, 30),
	('Liaison', 5, 11, 37),
	('Orchestrator', 3, 11, 39),
	('Producer', 5, 11, 47),
	('Supervisor', 4, 11, 50),
	('Representative', 3, 12, 7),
	('Analyst', 5, 12, 8),
	('Supervisor', 2, 12, 12),
	('Analyst', 3, 12, 14),
	('Consultant', 2, 12, 33),
	('Planner', 5, 13, 1),
	('Architect', 2, 13, 4),
	('Supervisor', 1, 13, 39),
	('Technician', 3, 13, 41),
	('Designer', 5, 13, 47),
	('Producer', 2, 14, 1),
	('Consultant', 1, 14, 5),
	('Assistant', 2, 14, 8),
	('Orchestrator', 5, 14, 34),
	('Architect', 4, 14, 47),
	('Planner', 3, 15, 4),
	('Associate', 3, 15, 16),
	('Coordinator', 4, 15, 19),
	('Strategist', 4, 15, 28),
	('Assistant', 1, 15, 37),
	('Coordinator', 2, 16, 8),
	('Engineer', 4, 16, 16),
	('Developer', 5, 16, 21),
	('Executive', 2, 16, 29),
	('Director', 2, 16, 40),
	('Technician', 5, 17, 15),
	('Agent', 1, 17, 23),
	('Liaison', 2, 17, 24),
	('Developer', 1, 17, 37),
	('Executive', 1, 17, 45),
	('Supervisor', 4, 18, 15),
	('Planner', 4, 18, 33),
	('Designer', 5, 18, 39),
	('Analyst', 4, 18, 43),
	('Executive', 3, 18, 49),
	('Administrator', 1, 19, 6),
	('Technician', 3, 19, 8),
	('Director', 1, 19, 26),
	('Director', 2, 19, 27),
	('Officer', 4, 20, 3),
	('Assistant', 3, 20, 12),
	('Strategist', 1, 20, 31),
	('Technician', 2, 20, 34),
	('Consultant', 4, 20, 43),
	('Architect', 5, 21, 13),
	('Architect', 5, 21, 20),
	('Supervisor', 1, 21, 23),
	('Coordinator', 3, 21, 35),
	('Consultant', 3, 21, 37),
	('Architect', 5, 22, 8),
	('Producer', 2, 22, 34),
	('Officer', 3, 22, 40),
	('Planner', 4, 22, 45),
	('Executive', 2, 22, 49),
	('Executive', 3, 23, 13),
	('Supervisor', 3, 23, 22),
	('Representative', 3, 23, 23),
	('Liaison', 2, 23, 32),
	('Orchestrator', 1, 24, 6),
	('Officer', 3, 24, 10),
	('Consultant', 4, 24, 17),
	('Specialist', 1, 24, 30),
	('Assistant', 2, 24, 34),
	('Agent', 3, 25, 9),
	('Analyst', 1, 25, 17),
	('Director', 2, 25, 19),
	('Architect', 4, 25, 33),
	('Planner', 2, 25, 44),
	('Coordinator', 4, 26, 1),
	('Director', 3, 26, 12),
	('Engineer', 4, 26, 24),
	('Technician', 4, 26, 32),
	('Representative', 1, 26, 33),
	('Architect', 4, 27, 10),
	('Manager', 2, 27, 12),
	('Coordinator', 5, 27, 15),
	('Producer', 2, 27, 28),
	('Coordinator', 5, 27, 29),
	('Analyst', 1, 28, 26),
	('Administrator', 3, 28, 33),
	('Specialist', 4, 28, 34),
	('Manager', 4, 28, 37),
	('Assistant', 3, 28, 43),
	('Administrator', 5, 29, 18),
	('Officer', 1, 29, 34),
	('Planner', 3, 29, 47),
	('Supervisor', 5, 29, 48),
	('Facilitator', 5, 30, 6),
	('Representative', 1, 30, 8),
	('Orchestrator', 4, 30, 37),
	('Liaison', 4, 30, 41),
	('Supervisor', 4, 30, 46),
	('Assistant', 5, 31, 18),
	('Specialist', 4, 31, 21),
	('Coordinator', 2, 31, 27),
	('Engineer', 2, 31, 37),
	('Orchestrator', 2, 31, 50),
	('Architect', 1, 32, 2),
	('Engineer', 2, 32, 9),
	('Technician', 3, 32, 16),
	('Manager', 2, 32, 21),
	('Architect', 1, 33, 1),
	('Liaison', 2, 33, 3),
	('Liaison', 4, 33, 25),
	('Facilitator', 5, 33, 35),
	('Strategist', 5, 33, 41),
	('Agent', 2, 34, 19),
	('Director', 3, 34, 28),
	('Associate', 4, 34, 38),
	('Facilitator', 2, 34, 40),
	('Associate', 4, 34, 45),
	('Officer', 4, 35, 1),
	('Officer', 2, 35, 8),
	('Technician', 2, 35, 13),
	('Architect', 5, 35, 27),
	('Strategist', 1, 35, 47),
	('Consultant', 3, 36, 1),
	('Orchestrator', 1, 36, 5),
	('Liaison', 4, 36, 9),
	('Assistant', 4, 36, 27),
	('Coordinator', 1, 36, 41),
	('Executive', 3, 37, 17),
	('Analyst', 5, 37, 28),
	('Agent', 5, 37, 41),
	('Assistant', 4, 37, 43),
	('Coordinator', 1, 37, 49),
	('Facilitator', 3, 38, 8),
	('Consultant', 2, 38, 15),
	('Assistant', 4, 38, 27),
	('Coordinator', 3, 38, 33),
	('Consultant', 1, 38, 46),
	('Architect', 5, 39, 25),
	('Producer', 3, 39, 35),
	('Producer', 5, 39, 38),
	('Representative', 3, 39, 43),
	('Orchestrator', 1, 40, 11),
	('Engineer', 3, 40, 12),
	('Specialist', 4, 40, 30),
	('Engineer', 1, 40, 36),
	('Architect', 5, 40, 39),
	('Strategist', 1, 41, 8),
	('Producer', 4, 41, 18),
	('Strategist', 4, 41, 19),
	('Supervisor', 2, 41, 30),
	('Consultant', 2, 41, 33),
	('Officer', 3, 42, 22),
	('Orchestrator', 2, 42, 35),
	('Coordinator', 5, 42, 50),
	('Supervisor', 2, 43, 7),
	('Technician', 2, 43, 19),
	('Coordinator', 4, 43, 37),
	('Officer', 4, 43, 42),
	('Manager', 5, 43, 43),
	('Architect', 3, 44, 8),
	('Developer', 4, 44, 30),
	('Engineer', 4, 44, 33),
	('Strategist', 4, 44, 40),
	('Consultant', 4, 44, 41),
	('Technician', 3, 45, 11),
	('Analyst', 2, 45, 36),
	('Developer', 2, 45, 38),
	('Supervisor', 3, 45, 43),
	('Orchestrator', 1, 45, 47),
	('Facilitator', 3, 46, 5),
	('Facilitator', 3, 46, 12),
	('Coordinator', 5, 46, 23),
	('Analyst', 4, 46, 46),
	('Designer', 3, 46, 50),
	('Manager', 3, 47, 6),
	('Representative', 5, 47, 16),
	('Associate', 2, 47, 18),
	('Facilitator', 4, 47, 34),
	('Officer', 4, 47, 50),
	('Supervisor', 4, 48, 7),
	('Planner', 1, 48, 9),
	('Supervisor', 5, 48, 22),
	('Liaison', 2, 48, 36),
	('Associate', 5, 49, 6),
	('Producer', 2, 49, 8),
	('Supervisor', 4, 49, 22),
	('Consultant', 4, 49, 27),
	('Facilitator', 4, 49, 43),
	('Architect', 2, 50, 19),
	('Architect', 2, 50, 33),
	('Developer', 2, 50, 38),
	('Analyst', 1, 50, 48),
	('Liaison', 1, 50, 50),
	('Associate', 2, 51, 6),
	('Architect', 3, 51, 12),
	('Designer', 1, 51, 29),
	('Supervisor', 1, 51, 39),
	('Analyst', 5, 52, 6),
	('Assistant', 1, 52, 26),
	('Architect', 3, 52, 33),
	('Agent', 4, 52, 34),
	('Executive', 1, 52, 44),
	('Consultant', 4, 53, 1),
	('Supervisor', 2, 53, 31),
	('Manager', 4, 53, 32),
	('Strategist', 5, 53, 36),
	('Associate', 3, 54, 3),
	('Technician', 5, 54, 30),
	('Supervisor', 2, 54, 34),
	('Assistant', 2, 54, 37),
	('Administrator', 2, 54, 50),
	('Producer', 5, 55, 18),
	('Architect', 2, 55, 20),
	('Facilitator', 5, 55, 28),
	('Strategist', 1, 55, 29),
	('Associate', 5, 55, 32),
	('Agent', 5, 56, 29),
	('Manager', 3, 56, 34),
	('Liaison', 2, 56, 37),
	('Officer', 5, 56, 38),
	('Architect', 4, 56, 47),
	('Technician', 5, 57, 10),
	('Technician', 1, 57, 13),
	('Coordinator', 4, 57, 30),
	('Consultant', 1, 57, 32),
	('Supervisor', 2, 57, 47),
	('Consultant', 5, 58, 17),
	('Administrator', 2, 58, 19),
	('Supervisor', 2, 58, 38),
	('Supervisor', 5, 58, 50),
	('Consultant', 3, 59, 2),
	('Planner', 1, 59, 29),
	('Representative', 1, 59, 40),
	('Associate', 3, 59, 44),
	('Assistant', 2, 59, 47),
	('Specialist', 2, 60, 3),
	('Agent', 4, 60, 10),
	('Manager', 5, 60, 14),
	('Engineer', 1, 60, 19),
	('Officer', 4, 60, 27),
	('Assistant', 4, 61, 30),
	('Specialist', 3, 61, 33),
	('Specialist', 2, 61, 36),
	('Technician', 2, 61, 48),
	('Facilitator', 2, 62, 3),
	('Executive', 4, 62, 29),
	('Producer', 2, 62, 37),
	('Facilitator', 1, 62, 42),
	('Planner', 1, 62, 46),
	('Facilitator', 5, 63, 7),
	('Analyst', 3, 63, 23),
	('Specialist', 4, 63, 32),
	('Liaison', 1, 63, 43),
	('Specialist', 1, 63, 46),
	('Administrator', 3, 64, 12),
	('Assistant', 1, 64, 33),
	('Liaison', 5, 64, 37),
	('Officer', 3, 64, 40),
	('Designer', 3, 64, 43),
	('Administrator', 4, 65, 18),
	('Producer', 3, 65, 21),
	('Director', 5, 65, 22),
	('Producer', 5, 65, 27),
	('Designer', 3, 65, 42),
	('Technician', 2, 66, 10),
	('Analyst', 4, 66, 19),
	('Consultant', 1, 66, 21),
	('Assistant', 5, 66, 26),
	('Developer', 1, 66, 35),
	('Engineer', 3, 67, 6),
	('Administrator', 1, 67, 8),
	('Executive', 2, 67, 26),
	('Assistant', 5, 67, 33),
	('Representative', 5, 67, 36),
	('Director', 1, 68, 5),
	('Analyst', 3, 68, 15),
	('Associate', 4, 68, 19),
	('Manager', 4, 68, 24),
	('Planner', 2, 68, 44),
	('Assistant', 3, 69, 3),
	('Orchestrator', 5, 69, 12),
	('Producer', 5, 69, 22),
	('Manager', 4, 69, 26),
	('Coordinator', 3, 69, 47),
	('Coordinator', 4, 70, 19),
	('Consultant', 5, 70, 20),
	('Engineer', 2, 70, 41),
	('Analyst', 1, 70, 42),
	('Agent', 5, 70, 45),
	('Director', 2, 71, 10),
	('Producer', 5, 71, 20),
	('Facilitator', 3, 71, 22),
	('Agent', 5, 71, 24),
	('Developer', 4, 71, 34),
	('Representative', 1, 72, 15),
	('Agent', 1, 72, 35),
	('Liaison', 5, 72, 36),
	('Consultant', 3, 72, 40),
	('Agent', 1, 73, 3),
	('Manager', 4, 73, 19),
	('Orchestrator', 2, 73, 31),
	('Supervisor', 2, 73, 36),
	('Director', 5, 73, 37),
	('Facilitator', 1, 74, 17),
	('Technician', 3, 74, 19),
	('Developer', 4, 74, 35),
	('Facilitator', 5, 74, 37),
	('Administrator', 5, 74, 40),
	('Planner', 1, 75, 20),
	('Officer', 4, 75, 22),
	('Planner', 4, 75, 31),
	('Producer', 1, 75, 47),
	('Producer', 5, 75, 49),
	('Architect', 4, 76, 3),
	('Specialist', 3, 76, 5),
	('Director', 5, 76, 14),
	('Representative', 1, 76, 15),
	('Planner', 1, 76, 30),
	('Associate', 5, 77, 14),
	('Designer', 1, 77, 36),
	('Planner', 1, 77, 39),
	('Executive', 3, 77, 45),
	('Administrator', 1, 77, 47),
	('Producer', 3, 78, 3),
	('Supervisor', 3, 78, 10),
	('Administrator', 3, 78, 31),
	('Orchestrator', 5, 78, 50),
	('Assistant', 2, 79, 11),
	('Technician', 1, 79, 29),
	('Director', 3, 79, 36),
	('Associate', 5, 79, 37),
	('Assistant', 1, 79, 49),
	('Analyst', 1, 80, 17),
	('Consultant', 4, 80, 20),
	('Manager', 4, 80, 24),
	('Coordinator', 3, 80, 26),
	('Executive', 3, 80, 37),
	('Specialist', 1, 81, 1),
	('Technician', 2, 81, 7),
	('Supervisor', 2, 81, 31),
	('Director', 3, 81, 41),
	('Coordinator', 5, 81, 45),
	('Engineer', 5, 82, 3),
	('Designer', 2, 82, 10),
	('Engineer', 3, 82, 45),
	('Analyst', 1, 82, 48),
	('Representative', 2, 83, 6),
	('Associate', 4, 83, 10),
	('Developer', 3, 83, 32),
	('Developer', 4, 83, 34),
	('Liaison', 4, 83, 47),
	('Liaison', 4, 84, 9),
	('Engineer', 4, 84, 21),
	('Coordinator', 2, 84, 38),
	('Assistant', 3, 84, 41),
	('Agent', 3, 84, 43),
	('Producer', 4, 85, 13),
	('Representative', 3, 85, 19),
	('Agent', 1, 85, 23),
	('Agent', 5, 85, 36),
	('Officer', 1, 85, 43),
	('Strategist', 2, 86, 9),
	('Facilitator', 5, 86, 12),
	('Architect', 3, 86, 21),
	('Associate', 4, 86, 25),
	('Director', 4, 86, 41),
	('Strategist', 2, 87, 18),
	('Agent', 4, 87, 22),
	('Supervisor', 2, 87, 36),
	('Coordinator', 5, 87, 50),
	('Technician', 4, 88, 6),
	('Architect', 3, 88, 14),
	('Developer', 1, 88, 15),
	('Associate', 5, 88, 46),
	('Engineer', 3, 88, 49),
	('Director', 4, 89, 3),
	('Technician', 2, 89, 32),
	('Strategist', 5, 89, 35),
	('Developer', 2, 89, 42),
	('Consultant', 1, 89, 44),
	('Consultant', 5, 90, 11),
	('Developer', 1, 90, 38),
	('Consultant', 5, 90, 41),
	('Assistant', 4, 90, 42),
	('Facilitator', 4, 90, 46),
	('Orchestrator', 4, 91, 15),
	('Director', 3, 91, 19),
	('Orchestrator', 3, 91, 37),
	('Developer', 1, 91, 38),
	('Coordinator', 2, 91, 49),
	('Architect', 5, 92, 4),
	('Supervisor', 4, 92, 6),
	('Supervisor', 2, 92, 12),
	('Planner', 3, 92, 31),
	('Designer', 3, 92, 36),
	('Director', 1, 93, 2),
	('Designer', 4, 93, 3),
	('Associate', 2, 93, 13),
	('Agent', 1, 93, 39),
	('Consultant', 2, 93, 46),
	('Supervisor', 2, 94, 14),
	('Analyst', 4, 94, 28),
	('Agent', 3, 94, 32),
	('Assistant', 1, 94, 40),
	('Administrator', 2, 94, 44),
	('Technician', 4, 95, 18),
	('Analyst', 5, 95, 19),
	('Manager', 3, 95, 29),
	('Liaison', 3, 95, 37),
	('Facilitator', 1, 96, 14),
	('Planner', 1, 96, 16),
	('Director', 5, 96, 35),
	('Officer', 2, 96, 38),
	('Consultant', 3, 96, 43),
	('Officer', 4, 97, 21),
	('Planner', 4, 97, 26),
	('Facilitator', 4, 97, 33),
	('Specialist', 2, 97, 35),
	('Strategist', 3, 97, 41),
	('Specialist', 5, 98, 11),
	('Administrator', 4, 98, 12),
	('Liaison', 3, 98, 18),
	('Supervisor', 3, 98, 42),
	('Orchestrator', 3, 99, 4),
	('Engineer', 4, 99, 21),
	('Consultant', 5, 99, 26),
	('Associate', 4, 99, 29),
	('Agent', 4, 99, 39),
	('Supervisor', 3, 100, 15),
	('Engineer', 4, 100, 16),
	('Director', 2, 100, 21),
	('Technician', 1, 100, 26),
	('Facilitator', 3, 100, 33),
	('Executive', 4, 101, 4),
	('Liaison', 5, 101, 15),
	('Analyst', 2, 101, 18),
	('Facilitator', 4, 101, 19),
	('Representative', 5, 101, 35),
	('Associate', 5, 102, 19),
	('Supervisor', 4, 102, 23),
	('Producer', 2, 102, 36),
	('Engineer', 5, 102, 42),
	('Agent', 5, 102, 46),
	('Associate', 5, 103, 2),
	('Producer', 1, 103, 8),
	('Specialist', 5, 103, 19),
	('Consultant', 4, 103, 26),
	('Agent', 3, 103, 47),
	('Manager', 3, 104, 2),
	('Administrator', 3, 104, 17),
	('Architect', 1, 104, 34),
	('Manager', 1, 104, 39),
	('Facilitator', 5, 104, 49),
	('Assistant', 3, 105, 4),
	('Designer', 5, 105, 19),
	('Administrator', 4, 105, 25),
	('Developer', 1, 105, 29),
	('Developer', 5, 106, 7),
	('Orchestrator', 3, 106, 15),
	('Orchestrator', 5, 106, 24),
	('Representative', 3, 106, 29),
	('Facilitator', 5, 106, 31),
	('Associate', 5, 107, 3),
	('Orchestrator', 1, 107, 12),
	('Associate', 3, 107, 19),
	('Executive', 2, 107, 41),
	('Director', 5, 107, 44),
	('Orchestrator', 4, 108, 30),
	('Officer', 1, 108, 32),
	('Producer', 1, 108, 38),
	('Specialist', 5, 108, 41),
	('Officer', 5, 108, 46),
	('Strategist', 3, 109, 18),
	('Architect', 4, 109, 28),
	('Technician', 3, 109, 31),
	('Administrator', 4, 109, 33),
	('Facilitator', 3, 109, 35),
	('Manager', 5, 110, 4),
	('Developer', 2, 110, 5),
	('Strategist', 2, 110, 10),
	('Orchestrator', 5, 110, 26),
	('Manager', 3, 110, 32),
	('Architect', 4, 111, 10),
	('Liaison', 2, 111, 13),
	('Executive', 2, 111, 17),
	('Orchestrator', 1, 111, 33),
	('Agent', 5, 111, 49),
	('Planner', 5, 112, 6),
	('Producer', 4, 112, 10),
	('Strategist', 1, 112, 21),
	('Executive', 3, 112, 34),
	('Executive', 4, 112, 44),
	('Analyst', 5, 113, 7),
	('Facilitator', 3, 113, 17),
	('Representative', 1, 113, 31),
	('Designer', 1, 113, 42),
	('Technician', 2, 113, 46),
	('Agent', 5, 114, 5),
	('Representative', 3, 114, 17),
	('Specialist', 4, 114, 37),
	('Administrator', 4, 114, 40),
	('Facilitator', 1, 114, 50),
	('Assistant', 3, 115, 32),
	('Director', 5, 115, 38),
	('Specialist', 3, 115, 42),
	('Administrator', 2, 115, 46),
	('Executive', 1, 115, 50),
	('Liaison', 2, 116, 16),
	('Strategist', 5, 116, 31),
	('Engineer', 4, 116, 34),
	('Executive', 5, 116, 43),
	('Orchestrator', 4, 116, 50),
	('Facilitator', 4, 117, 13),
	('Technician', 1, 117, 20),
	('Planner', 4, 117, 26),
	('Associate', 4, 117, 32),
	('Representative', 3, 117, 36),
	('Assistant', 3, 118, 9),
	('Assistant', 2, 118, 27),
	('Architect', 5, 118, 43),
	('Developer', 4, 118, 47),
	('Specialist', 2, 118, 49),
	('Analyst', 5, 119, 4),
	('Orchestrator', 5, 119, 11),
	('Architect', 3, 119, 18),
	('Planner', 4, 119, 46),
	('Consultant', 5, 120, 2),
	('Manager', 4, 120, 5),
	('Director', 3, 120, 10),
	('Agent', 4, 120, 19),
	('Manager', 4, 120, 31),
	('Director', 1, 121, 11),
	('Analyst', 5, 121, 20),
	('Developer', 4, 121, 21),
	('Manager', 3, 121, 25),
	('Producer', 2, 121, 28),
	('Assistant', 2, 122, 9),
	('Associate', 1, 122, 11),
	('Architect', 5, 122, 13),
	('Developer', 3, 122, 27),
	('Associate', 4, 122, 35),
	('Engineer', 4, 123, 22),
	('Coordinator', 2, 123, 33),
	('Representative', 1, 123, 37),
	('Technician', 1, 123, 42),
	('Director', 3, 123, 43),
	('Designer', 3, 124, 1),
	('Consultant', 2, 124, 9),
	('Technician', 5, 124, 16),
	('Technician', 3, 124, 30),
	('Associate', 5, 124, 39),
	('Orchestrator', 5, 125, 18),
	('Engineer', 4, 125, 23),
	('Designer', 5, 125, 26),
	('Facilitator', 5, 125, 33),
	('Producer', 5, 126, 7),
	('Developer', 3, 126, 15),
	('Analyst', 4, 126, 24),
	('Strategist', 3, 126, 36),
	('Director', 4, 126, 44),
	('Engineer', 4, 127, 7),
	('Orchestrator', 2, 127, 34),
	('Developer', 3, 127, 40),
	('Director', 2, 127, 47),
	('Orchestrator', 5, 127, 50),
	('Liaison', 5, 128, 25),
	('Specialist', 2, 128, 31),
	('Officer', 3, 128, 45),
	('Agent', 5, 128, 47),
	('Supervisor', 3, 128, 48),
	('Engineer', 4, 129, 2),
	('Agent', 5, 129, 6),
	('Specialist', 2, 129, 15),
	('Executive', 5, 129, 36),
	('Engineer', 5, 129, 39),
	('Executive', 5, 130, 4),
	('Liaison', 3, 130, 5),
	('Executive', 3, 130, 7),
	('Coordinator', 1, 130, 19),
	('Engineer', 5, 130, 32),
	('Orchestrator', 2, 131, 5),
	('Facilitator', 2, 131, 11),
	('Officer', 3, 131, 15),
	('Producer', 4, 131, 36),
	('Developer', 2, 131, 38),
	('Engineer', 4, 132, 24),
	('Architect', 4, 132, 29),
	('Specialist', 1, 132, 40),
	('Officer', 1, 132, 47),
	('Manager', 5, 132, 48),
	('Analyst', 3, 133, 10),
	('Officer', 3, 133, 16),
	('Technician', 3, 133, 17),
	('Associate', 2, 133, 22),
	('Facilitator', 4, 133, 42),
	('Associate', 5, 134, 17),
	('Designer', 5, 134, 21),
	('Specialist', 4, 134, 33),
	('Coordinator', 1, 134, 38),
	('Engineer', 3, 134, 45),
	('Planner', 5, 135, 8),
	('Director', 1, 135, 22),
	('Strategist', 2, 135, 27),
	('Executive', 3, 135, 32),
	('Liaison', 3, 135, 34),
	('Coordinator', 4, 136, 1),
	('Specialist', 2, 136, 24),
	('Manager', 3, 136, 39),
	('Facilitator', 2, 136, 42),
	('Specialist', 5, 136, 47),
	('Producer', 3, 137, 6),
	('Officer', 1, 137, 16),
	('Designer', 2, 137, 29),
	('Designer', 3, 137, 45),
	('Engineer', 3, 138, 3),
	('Planner', 3, 138, 16),
	('Officer', 4, 138, 18),
	('Agent', 2, 138, 20),
	('Planner', 3, 138, 47),
	('Officer', 3, 139, 3),
	('Associate', 2, 139, 6),
	('Technician', 1, 139, 18),
	('Coordinator', 1, 139, 37),
	('Officer', 5, 139, 41),
	('Engineer', 4, 140, 2),
	('Supervisor', 1, 140, 4),
	('Orchestrator', 2, 140, 14),
	('Specialist', 3, 140, 21),
	('Supervisor', 5, 140, 34),
	('Analyst', 5, 141, 20),
	('Supervisor', 3, 141, 27),
	('Officer', 3, 141, 31),
	('Supervisor', 1, 141, 35),
	('Engineer', 3, 141, 45),
	('Engineer', 1, 142, 5),
	('Designer', 2, 142, 7),
	('Orchestrator', 2, 142, 27),
	('Coordinator', 2, 142, 38),
	('Analyst', 2, 142, 42),
	('Orchestrator', 3, 143, 28),
	('Representative', 4, 143, 31),
	('Liaison', 2, 143, 38),
	('Technician', 5, 143, 39),
	('Facilitator', 1, 143, 43),
	('Strategist', 2, 144, 1),
	('Consultant', 5, 144, 17),
	('Architect', 3, 144, 25),
	('Manager', 4, 144, 27),
	('Manager', 5, 144, 34),
	('Assistant', 2, 145, 34),
	('Facilitator', 3, 145, 42),
	('Technician', 2, 145, 43),
	('Consultant', 4, 145, 50),
	('Consultant', 5, 146, 1),
	('Director', 2, 146, 2),
	('Designer', 5, 146, 4),
	('Facilitator', 4, 146, 39),
	('Supervisor', 2, 146, 40),
	('Officer', 5, 147, 8),
	('Agent', 1, 147, 13),
	('Executive', 4, 147, 22),
	('Designer', 5, 147, 36),
	('Strategist', 1, 147, 43),
	('Specialist', 4, 148, 11),
	('Executive', 3, 148, 24),
	('Producer', 1, 148, 38),
	('Agent', 3, 148, 42),
	('Supervisor', 1, 148, 46),
	('Manager', 1, 149, 10),
	('Strategist', 2, 149, 24),
	('Assistant', 3, 149, 26),
	('Designer', 3, 149, 29),
	('Architect', 4, 149, 33),
	('Coordinator', 1, 150, 14),
	('Administrator', 3, 150, 24),
	('Developer', 5, 150, 26),
	('Producer', 1, 150, 33),
	('Designer', 3, 150, 40),
	('Liaison', 2, 151, 5),
	('Officer', 4, 151, 8),
	('Consultant', 1, 151, 11),
	('Assistant', 3, 151, 20),
	('Agent', 2, 151, 30),
	('Supervisor', 5, 152, 1),
	('Officer', 1, 152, 27),
	('Designer', 3, 152, 28),
	('Officer', 1, 152, 37),
	('Strategist', 2, 153, 1),
	('Officer', 1, 153, 3),
	('Liaison', 5, 153, 23),
	('Developer', 3, 153, 28),
	('Orchestrator', 5, 153, 43),
	('Liaison', 5, 154, 24),
	('Assistant', 3, 154, 38),
	('Architect', 2, 154, 42),
	('Facilitator', 2, 154, 43),
	('Supervisor', 5, 154, 49),
	('Analyst', 2, 155, 1),
	('Director', 3, 155, 5),
	('Representative', 3, 155, 21),
	('Developer', 4, 155, 31),
	('Officer', 1, 155, 46),
	('Engineer', 5, 156, 2),
	('Planner', 3, 156, 27),
	('Assistant', 3, 156, 32),
	('Analyst', 3, 156, 43),
	('Developer', 5, 156, 46),
	('Orchestrator', 5, 157, 2),
	('Designer', 3, 157, 4),
	('Consultant', 1, 157, 34),
	('Planner', 4, 157, 37),
	('Engineer', 4, 157, 48),
	('Assistant', 4, 158, 1),
	('Planner', 3, 158, 26),
	('Producer', 4, 158, 32),
	('Supervisor', 5, 158, 34),
	('Director', 4, 159, 2),
	('Designer', 3, 159, 22),
	('Liaison', 5, 159, 24),
	('Orchestrator', 4, 159, 29),
	('Architect', 4, 159, 35),
	('Producer', 4, 160, 13),
	('Administrator', 2, 160, 30),
	('Supervisor', 2, 160, 31),
	('Planner', 3, 160, 39),
	('Strategist', 2, 160, 43),
	('Consultant', 2, 161, 12),
	('Engineer', 2, 161, 21),
	('Supervisor', 3, 161, 23),
	('Manager', 1, 161, 41),
	('Supervisor', 4, 162, 7),
	('Liaison', 5, 162, 10),
	('Consultant', 3, 162, 14),
	('Consultant', 4, 162, 34),
	('Supervisor', 1, 162, 45),
	('Analyst', 1, 163, 5),
	('Designer', 1, 163, 13),
	('Analyst', 1, 163, 15),
	('Executive', 2, 163, 38),
	('Architect', 2, 163, 50),
	('Strategist', 1, 164, 11),
	('Orchestrator', 3, 164, 21),
	('Architect', 2, 164, 31),
	('Specialist', 2, 164, 48),
	('Coordinator', 1, 164, 49),
	('Strategist', 3, 165, 7),
	('Officer', 5, 165, 22),
	('Specialist', 2, 165, 31),
	('Executive', 4, 165, 47),
	('Agent', 5, 166, 8),
	('Executive', 2, 166, 26),
	('Coordinator', 2, 166, 30),
	('Associate', 2, 166, 36),
	('Consultant', 4, 166, 40),
	('Architect', 2, 167, 3),
	('Supervisor', 5, 167, 18),
	('Producer', 4, 167, 33),
	('Developer', 5, 167, 41),
	('Officer', 1, 168, 1),
	('Supervisor', 3, 168, 20),
	('Strategist', 2, 168, 34),
	('Representative', 3, 168, 43),
	('Executive', 2, 168, 47),
	('Liaison', 4, 169, 15),
	('Architect', 2, 169, 18),
	('Developer', 3, 169, 31),
	('Associate', 1, 169, 43),
	('Officer', 1, 169, 50),
	('Engineer', 4, 170, 19),
	('Coordinator', 3, 170, 27),
	('Representative', 5, 170, 29),
	('Consultant', 4, 170, 34),
	('Specialist', 2, 170, 49),
	('Executive', 5, 171, 6),
	('Planner', 2, 171, 11),
	('Liaison', 5, 171, 17),
	('Developer', 4, 171, 22),
	('Executive', 1, 171, 27),
	('Representative', 2, 172, 5),
	('Planner', 2, 172, 11),
	('Administrator', 1, 172, 14),
	('Engineer', 4, 172, 26),
	('Orchestrator', 2, 172, 50),
	('Developer', 4, 173, 4),
	('Coordinator', 1, 173, 20),
	('Developer', 3, 173, 34),
	('Coordinator', 5, 173, 42),
	('Director', 2, 173, 47),
	('Strategist', 4, 174, 8),
	('Agent', 5, 174, 26),
	('Assistant', 5, 174, 31),
	('Supervisor', 3, 174, 37),
	('Director', 1, 175, 1),
	('Architect', 1, 175, 10),
	('Representative', 1, 175, 26),
	('Producer', 4, 175, 41),
	('Manager', 1, 175, 50),
	('Executive', 3, 176, 2),
	('Technician', 4, 176, 8),
	('Analyst', 1, 176, 29),
	('Agent', 1, 176, 31),
	('Technician', 3, 176, 39),
	('Manager', 5, 177, 3),
	('Specialist', 1, 177, 7),
	('Administrator', 1, 177, 19),
	('Executive', 3, 177, 40),
	('Supervisor', 1, 177, 44),
	('Administrator', 4, 178, 1),
	('Specialist', 5, 178, 16),
	('Engineer', 5, 178, 18),
	('Representative', 3, 178, 40),
	('Analyst', 4, 178, 42),
	('Producer', 5, 179, 11),
	('Producer', 2, 179, 13),
	('Technician', 4, 179, 18),
	('Architect', 5, 179, 27),
	('Orchestrator', 3, 179, 48),
	('Associate', 3, 180, 15),
	('Developer', 4, 180, 18),
	('Orchestrator', 3, 180, 35),
	('Assistant', 5, 180, 42),
	('Engineer', 3, 180, 44),
	('Specialist', 2, 181, 32),
	('Director', 1, 181, 42),
	('Executive', 3, 181, 43),
	('Developer', 5, 181, 46),
	('Strategist', 4, 182, 8),
	('Orchestrator', 3, 182, 11),
	('Supervisor', 5, 182, 22),
	('Liaison', 3, 182, 36),
	('Strategist', 1, 182, 46),
	('Specialist', 5, 183, 1),
	('Agent', 2, 183, 9),
	('Producer', 5, 183, 18),
	('Analyst', 1, 183, 22),
	('Architect', 5, 183, 24),
	('Designer', 5, 184, 2),
	('Agent', 2, 184, 7),
	('Developer', 3, 184, 11),
	('Liaison', 1, 184, 17),
	('Officer', 3, 184, 45),
	('Administrator', 2, 185, 2),
	('Liaison', 1, 185, 12),
	('Executive', 2, 185, 16),
	('Supervisor', 2, 185, 17),
	('Assistant', 5, 185, 26),
	('Architect', 1, 186, 11),
	('Officer', 5, 186, 13),
	('Manager', 4, 186, 20),
	('Assistant', 1, 186, 32),
	('Agent', 1, 186, 38),
	('Specialist', 4, 187, 15),
	('Agent', 2, 187, 23),
	('Representative', 2, 187, 32),
	('Analyst', 4, 187, 35),
	('Orchestrator', 3, 187, 45),
	('Liaison', 5, 188, 9),
	('Consultant', 5, 188, 16),
	('Agent', 5, 188, 25),
	('Engineer', 2, 188, 26),
	('Manager', 4, 188, 31),
	('Orchestrator', 1, 189, 7),
	('Strategist', 2, 189, 12),
	('Producer', 1, 189, 35),
	('Facilitator', 5, 189, 39),
	('Agent', 5, 189, 45),
	('Associate', 2, 190, 12),
	('Agent', 3, 190, 26),
	('Architect', 3, 190, 27),
	('Agent', 2, 190, 29),
	('Assistant', 2, 190, 32),
	('Executive', 1, 191, 1),
	('Consultant', 4, 191, 3),
	('Designer', 4, 191, 13),
	('Administrator', 1, 191, 21),
	('Administrator', 5, 191, 38),
	('Analyst', 4, 192, 14),
	('Agent', 4, 192, 30),
	('Developer', 4, 192, 33),
	('Technician', 5, 192, 50),
	('Engineer', 3, 193, 1),
	('Developer', 4, 193, 10),
	('Engineer', 4, 193, 18),
	('Technician', 2, 193, 19),
	('Designer', 2, 193, 25),
	('Supervisor', 2, 194, 2),
	('Planner', 4, 194, 15),
	('Planner', 5, 194, 35),
	('Manager', 3, 194, 42),
	('Representative', 2, 194, 48),
	('Orchestrator', 5, 195, 2),
	('Technician', 2, 195, 10),
	('Developer', 3, 195, 27),
	('Developer', 2, 195, 42),
	('Coordinator', 2, 195, 43),
	('Consultant', 1, 196, 8),
	('Supervisor', 2, 196, 13),
	('Liaison', 5, 196, 19),
	('Orchestrator', 4, 196, 36),
	('Strategist', 2, 196, 39),
	('Orchestrator', 3, 197, 2),
	('Representative', 3, 197, 13),
	('Analyst', 1, 197, 29),
	('Director', 5, 197, 36),
	('Director', 4, 197, 43),
	('Director', 3, 198, 5),
	('Technician', 1, 198, 35),
	('Strategist', 4, 198, 40),
	('Orchestrator', 3, 198, 50),
	('Executive', 1, 199, 10),
	('Planner', 3, 199, 28),
	('Assistant', 3, 199, 40),
	('Technician', 4, 199, 48),
	('Director', 4, 200, 21),
	('Engineer', 1, 200, 27),
	('Architect', 4, 200, 43),
	('Engineer', 5, 200, 46),
	('Analyst', 5, 201, 19),
	('Manager', 5, 201, 23),
	('Executive', 5, 201, 44),
	('Engineer', 4, 201, 48),
	('Agent', 3, 202, 3),
	('Representative', 2, 202, 6),
	('Executive', 3, 202, 11),
	('Producer', 1, 202, 18),
	('Engineer', 1, 202, 35),
	('Assistant', 4, 203, 26),
	('Officer', 5, 203, 31),
	('Coordinator', 1, 203, 35),
	('Architect', 1, 203, 43),
	('Manager', 3, 204, 7),
	('Orchestrator', 4, 204, 23),
	('Consultant', 2, 204, 30),
	('Agent', 5, 204, 31),
	('Representative', 1, 205, 32),
	('Coordinator', 3, 205, 33),
	('Executive', 2, 205, 35),
	('Developer', 5, 205, 42),
	('Planner', 5, 205, 50),
	('Facilitator', 2, 206, 31),
	('Agent', 2, 206, 34),
	('Architect', 3, 206, 35),
	('Agent', 2, 206, 36),
	('Coordinator', 3, 206, 43),
	('Supervisor', 1, 207, 12),
	('Liaison', 5, 207, 32),
	('Administrator', 4, 207, 39),
	('Consultant', 2, 207, 46),
	('Producer', 1, 207, 50),
	('Officer', 2, 208, 1),
	('Officer', 5, 208, 4),
	('Supervisor', 4, 208, 9),
	('Orchestrator', 4, 208, 10),
	('Designer', 4, 208, 28),
	('Producer', 5, 209, 3),
	('Strategist', 1, 209, 5),
	('Administrator', 2, 209, 8),
	('Strategist', 1, 209, 37),
	('Planner', 2, 210, 7),
	('Coordinator', 1, 210, 12),
	('Director', 5, 210, 18),
	('Director', 4, 210, 22),
	('Strategist', 5, 210, 41),
	('Executive', 1, 211, 1),
	('Engineer', 1, 211, 17),
	('Representative', 2, 211, 20),
	('Liaison', 1, 211, 21),
	('Supervisor', 3, 211, 27),
	('Associate', 2, 212, 7),
	('Engineer', 2, 212, 22),
	('Liaison', 5, 212, 29),
	('Planner', 1, 212, 37),
	('Executive', 2, 212, 38),
	('Technician', 4, 213, 4),
	('Supervisor', 1, 213, 27),
	('Officer', 3, 213, 41),
	('Representative', 3, 213, 44),
	('Manager', 2, 213, 45),
	('Producer', 3, 214, 18),
	('Facilitator', 4, 214, 19),
	('Technician', 3, 214, 21),
	('Manager', 1, 214, 44),
	('Coordinator', 2, 215, 6),
	('Architect', 5, 215, 12),
	('Developer', 1, 215, 13),
	('Executive', 1, 215, 21),
	('Executive', 3, 215, 25),
	('Coordinator', 1, 216, 12),
	('Strategist', 4, 216, 25),
	('Executive', 1, 216, 42),
	('Assistant', 5, 216, 45),
	('Orchestrator', 2, 216, 49),
	('Administrator', 3, 217, 3),
	('Administrator', 4, 217, 7),
	('Coordinator', 4, 217, 25),
	('Director', 4, 217, 37),
	('Designer', 4, 217, 42),
	('Executive', 1, 218, 11),
	('Developer', 4, 218, 15),
	('Producer', 1, 218, 26),
	('Designer', 3, 218, 34),
	('Technician', 3, 218, 42),
	('Producer', 3, 219, 4),
	('Consultant', 5, 219, 13),
	('Manager', 5, 219, 48),
	('Representative', 1, 220, 8),
	('Orchestrator', 2, 220, 18),
	('Specialist', 1, 220, 19),
	('Supervisor', 5, 220, 29),
	('Associate', 1, 220, 34),
	('Director', 2, 221, 11),
	('Director', 2, 221, 19),
	('Manager', 3, 221, 33),
	('Orchestrator', 4, 221, 48),
	('Coordinator', 5, 221, 49),
	('Consultant', 4, 222, 4),
	('Representative', 2, 222, 8),
	('Assistant', 4, 222, 16),
	('Designer', 3, 222, 30),
	('Facilitator', 4, 222, 45),
	('Designer', 5, 223, 8),
	('Agent', 4, 223, 17),
	('Specialist', 5, 223, 29),
	('Officer', 4, 223, 31),
	('Assistant', 4, 223, 45),
	('Designer', 3, 224, 6),
	('Liaison', 1, 224, 9),
	('Assistant', 1, 224, 11),
	('Consultant', 2, 224, 36),
	('Facilitator', 3, 224, 40),
	('Orchestrator', 3, 225, 1),
	('Developer', 4, 225, 3),
	('Architect', 4, 225, 14),
	('Administrator', 5, 225, 24),
	('Executive', 5, 225, 44),
	('Strategist', 3, 226, 4),
	('Consultant', 5, 226, 6),
	('Strategist', 3, 226, 12),
	('Representative', 4, 226, 20),
	('Manager', 4, 226, 42),
	('Strategist', 5, 227, 14),
	('Technician', 4, 227, 17),
	('Officer', 2, 227, 18),
	('Director', 5, 227, 25),
	('Facilitator', 3, 227, 33),
	('Producer', 1, 228, 16),
	('Developer', 3, 228, 28),
	('Engineer', 4, 228, 41),
	('Manager', 5, 228, 47),
	('Representative', 4, 228, 48),
	('Director', 5, 229, 4),
	('Executive', 5, 229, 9),
	('Supervisor', 3, 229, 21),
	('Analyst', 3, 229, 31),
	('Designer', 2, 229, 43),
	('Officer', 5, 230, 3),
	('Engineer', 1, 230, 15),
	('Executive', 5, 230, 26),
	('Executive', 1, 230, 35),
	('Architect', 5, 230, 38),
	('Administrator', 2, 231, 7),
	('Liaison', 3, 231, 33),
	('Manager', 1, 231, 44),
	('Associate', 5, 231, 46),
	('Director', 2, 231, 50),
	('Agent', 4, 232, 4),
	('Engineer', 2, 232, 10),
	('Architect', 5, 232, 12),
	('Coordinator', 3, 232, 24),
	('Representative', 4, 232, 50),
	('Analyst', 4, 233, 6),
	('Administrator', 2, 233, 19),
	('Facilitator', 2, 233, 25),
	('Representative', 4, 233, 34),
	('Supervisor', 5, 233, 45),
	('Liaison', 2, 234, 15),
	('Analyst', 2, 234, 21),
	('Agent', 2, 234, 23),
	('Producer', 5, 234, 24),
	('Facilitator', 2, 234, 48),
	('Strategist', 1, 235, 22),
	('Technician', 4, 235, 27),
	('Representative', 4, 235, 34),
	('Engineer', 5, 236, 3),
	('Consultant', 5, 236, 39),
	('Liaison', 5, 236, 46),
	('Representative', 5, 236, 48),
	('Supervisor', 5, 236, 50),
	('Facilitator', 1, 237, 7),
	('Assistant', 5, 237, 28),
	('Representative', 3, 237, 33),
	('Planner', 5, 237, 36),
	('Coordinator', 4, 237, 41),
	('Analyst', 5, 238, 2),
	('Coordinator', 1, 238, 14),
	('Director', 1, 238, 16),
	('Specialist', 4, 238, 20),
	('Designer', 4, 238, 42),
	('Coordinator', 4, 239, 21),
	('Producer', 2, 239, 29),
	('Developer', 3, 239, 30),
	('Producer', 4, 239, 40),
	('Strategist', 2, 239, 41),
	('Supervisor', 3, 240, 24),
	('Designer', 1, 240, 30),
	('Coordinator', 1, 240, 38),
	('Assistant', 1, 240, 40),
	('Planner', 3, 240, 41),
	('Consultant', 3, 241, 14),
	('Director', 5, 241, 16),
	('Engineer', 1, 241, 26),
	('Agent', 3, 241, 37),
	('Coordinator', 4, 241, 42),
	('Architect', 3, 242, 2),
	('Technician', 3, 242, 31),
	('Planner', 5, 242, 44),
	('Representative', 5, 242, 46),
	('Assistant', 5, 242, 47),
	('Architect', 5, 243, 6),
	('Analyst', 5, 243, 27),
	('Agent', 5, 243, 36),
	('Producer', 1, 243, 41),
	('Developer', 2, 243, 49),
	('Director', 1, 244, 14),
	('Developer', 1, 244, 35),
	('Coordinator', 5, 244, 39),
	('Consultant', 5, 244, 45),
	('Agent', 3, 245, 6),
	('Orchestrator', 1, 245, 14),
	('Liaison', 1, 245, 17),
	('Consultant', 5, 245, 23),
	('Analyst', 3, 245, 48),
	('Supervisor', 2, 246, 3),
	('Representative', 5, 246, 7),
	('Officer', 4, 246, 10),
	('Producer', 2, 246, 12),
	('Supervisor', 2, 246, 36),
	('Director', 4, 247, 3),
	('Engineer', 1, 247, 12),
	('Assistant', 5, 247, 18),
	('Specialist', 3, 247, 25),
	('Specialist', 4, 247, 40),
	('Liaison', 1, 248, 13),
	('Specialist', 2, 248, 27),
	('Agent', 5, 248, 35),
	('Associate', 1, 248, 37),
	('Analyst', 5, 248, 44),
	('Designer', 1, 249, 5),
	('Strategist', 2, 249, 14),
	('Designer', 4, 249, 18),
	('Director', 1, 249, 32),
	('Associate', 4, 249, 38),
	('Designer', 3, 250, 3),
	('Producer', 2, 250, 12),
	('Technician', 1, 250, 35),
	('Coordinator', 2, 250, 41),
	('Planner', 4, 250, 43),
	('Representative', 1, 251, 3),
	('Representative', 2, 251, 5),
	('Specialist', 2, 251, 12),
	('Liaison', 3, 251, 40),
	('Representative', 4, 251, 44),
	('Facilitator', 4, 252, 22),
	('Representative', 4, 252, 30),
	('Orchestrator', 1, 252, 37),
	('Engineer', 4, 252, 46),
	('Orchestrator', 1, 252, 50),
	('Producer', 4, 253, 12),
	('Assistant', 1, 253, 15),
	('Representative', 4, 253, 24),
	('Planner', 1, 254, 13),
	('Strategist', 5, 254, 15),
	('Director', 3, 254, 20),
	('Officer', 3, 254, 45),
	('Facilitator', 4, 254, 49),
	('Planner', 5, 255, 14),
	('Designer', 4, 255, 18),
	('Supervisor', 1, 255, 33),
	('Administrator', 5, 255, 37),
	('Strategist', 2, 255, 44),
	('Officer', 5, 256, 33),
	('Engineer', 4, 256, 36),
	('Agent', 2, 256, 42),
	('Administrator', 3, 256, 43),
	('Specialist', 2, 256, 46),
	('Associate', 1, 257, 5),
	('Engineer', 2, 257, 9),
	('Facilitator', 2, 257, 12),
	('Analyst', 4, 257, 25),
	('Facilitator', 4, 257, 46),
	('Coordinator', 2, 258, 4),
	('Engineer', 3, 258, 9),
	('Architect', 1, 258, 19),
	('Developer', 1, 258, 39),
	('Orchestrator', 1, 258, 42),
	('Manager', 1, 259, 3),
	('Designer', 4, 259, 7),
	('Planner', 2, 259, 19),
	('Officer', 5, 259, 43),
	('Associate', 1, 259, 49),
	('Coordinator', 4, 260, 4),
	('Liaison', 5, 260, 19),
	('Orchestrator', 2, 260, 22),
	('Associate', 1, 260, 27),
	('Designer', 3, 260, 32),
	('Planner', 4, 261, 12),
	('Assistant', 3, 261, 13),
	('Designer', 1, 261, 14),
	('Associate', 3, 261, 22),
	('Supervisor', 1, 261, 41),
	('Coordinator', 2, 262, 25),
	('Architect', 3, 262, 33),
	('Administrator', 2, 262, 34),
	('Assistant', 2, 262, 38),
	('Producer', 1, 262, 46),
	('Planner', 2, 263, 10),
	('Orchestrator', 5, 263, 25),
	('Coordinator', 5, 263, 28),
	('Developer', 4, 263, 35),
	('Planner', 3, 263, 36),
	('Agent', 1, 264, 17),
	('Coordinator', 1, 264, 22),
	('Architect', 4, 264, 27),
	('Administrator', 4, 264, 38),
	('Specialist', 5, 264, 43),
	('Manager', 2, 265, 16),
	('Engineer', 5, 265, 33),
	('Technician', 1, 265, 39),
	('Designer', 1, 265, 49),
	('Specialist', 2, 265, 50),
	('Coordinator', 4, 266, 1),
	('Associate', 1, 266, 8),
	('Orchestrator', 4, 266, 18),
	('Agent', 4, 266, 38),
	('Architect', 5, 266, 43),
	('Facilitator', 2, 267, 5),
	('Orchestrator', 3, 267, 13),
	('Manager', 3, 267, 21),
	('Engineer', 2, 267, 31),
	('Agent', 3, 268, 5),
	('Manager', 4, 268, 16),
	('Assistant', 5, 268, 29),
	('Technician', 1, 268, 31),
	('Technician', 4, 268, 32),
	('Assistant', 2, 269, 6),
	('Agent', 4, 269, 33),
	('Planner', 4, 269, 46),
	('Consultant', 3, 269, 47),
	('Planner', 4, 269, 50),
	('Developer', 1, 270, 5),
	('Director', 1, 270, 9),
	('Director', 5, 270, 10),
	('Officer', 4, 270, 19),
	('Planner', 1, 270, 38),
	('Agent', 2, 271, 6),
	('Producer', 3, 271, 8),
	('Director', 4, 271, 20),
	('Officer', 3, 271, 26),
	('Producer', 3, 271, 29),
	('Analyst', 2, 272, 9),
	('Assistant', 5, 272, 20),
	('Architect', 1, 272, 29),
	('Coordinator', 4, 272, 41),
	('Administrator', 2, 272, 46),
	('Analyst', 4, 273, 7),
	('Administrator', 2, 273, 10),
	('Liaison', 1, 273, 27),
	('Specialist', 1, 273, 31),
	('Executive', 5, 273, 34),
	('Architect', 5, 274, 5),
	('Assistant', 1, 274, 6),
	('Assistant', 4, 274, 22),
	('Orchestrator', 4, 274, 41),
	('Administrator', 1, 274, 49),
	('Planner', 2, 275, 7),
	('Architect', 5, 275, 8),
	('Manager', 2, 275, 25),
	('Representative', 5, 275, 28),
	('Director', 2, 275, 41),
	('Associate', 2, 276, 21),
	('Director', 1, 276, 29),
	('Architect', 5, 276, 33),
	('Officer', 3, 276, 43),
	('Architect', 3, 276, 47),
	('Administrator', 5, 277, 11),
	('Architect', 4, 277, 17),
	('Consultant', 2, 277, 18),
	('Manager', 1, 277, 32),
	('Coordinator', 2, 277, 40),
	('Liaison', 5, 278, 7),
	('Liaison', 2, 278, 21),
	('Manager', 5, 278, 29),
	('Strategist', 4, 278, 45),
	('Designer', 3, 278, 46),
	('Engineer', 3, 279, 6),
	('Director', 4, 279, 9),
	('Manager', 4, 279, 16),
	('Developer', 5, 279, 20),
	('Specialist', 2, 279, 43),
	('Orchestrator', 3, 280, 16),
	('Supervisor', 1, 280, 17),
	('Representative', 3, 280, 19),
	('Assistant', 2, 280, 31),
	('Producer', 4, 280, 34),
	('Manager', 2, 281, 19),
	('Manager', 5, 281, 25),
	('Strategist', 2, 281, 30),
	('Agent', 2, 281, 44),
	('Director', 2, 282, 5),
	('Orchestrator', 2, 282, 9),
	('Specialist', 5, 282, 36),
	('Associate', 5, 282, 39),
	('Supervisor', 5, 283, 4),
	('Associate', 1, 283, 14),
	('Agent', 4, 283, 23),
	('Engineer', 2, 283, 32),
	('Director', 4, 283, 36),
	('Orchestrator', 2, 284, 3),
	('Assistant', 4, 284, 11),
	('Designer', 3, 284, 18),
	('Architect', 5, 284, 21),
	('Agent', 5, 284, 23),
	('Analyst', 3, 285, 3),
	('Specialist', 4, 285, 7),
	('Associate', 1, 285, 27),
	('Engineer', 4, 285, 28),
	('Assistant', 4, 285, 37),
	('Executive', 4, 286, 9),
	('Architect', 5, 286, 11),
	('Manager', 3, 286, 16),
	('Liaison', 3, 286, 49),
	('Manager', 1, 287, 24),
	('Manager', 5, 287, 31),
	('Producer', 4, 287, 37),
	('Specialist', 1, 287, 39),
	('Assistant', 2, 287, 42),
	('Orchestrator', 2, 288, 1),
	('Director', 2, 288, 4),
	('Producer', 5, 288, 12),
	('Associate', 2, 288, 25),
	('Technician', 3, 288, 27),
	('Technician', 1, 289, 13),
	('Developer', 3, 289, 14),
	('Developer', 3, 289, 20),
	('Technician', 4, 289, 23),
	('Architect', 4, 289, 24),
	('Administrator', 4, 290, 12),
	('Analyst', 4, 290, 13),
	('Analyst', 1, 290, 16),
	('Designer', 1, 290, 27),
	('Designer', 2, 290, 34),
	('Representative', 4, 291, 14),
	('Officer', 4, 291, 22),
	('Administrator', 2, 291, 28),
	('Analyst', 5, 291, 32),
	('Assistant', 2, 292, 14),
	('Analyst', 1, 292, 33),
	('Producer', 5, 292, 37),
	('Analyst', 3, 292, 44),
	('Producer', 1, 292, 49),
	('Executive', 4, 293, 18),
	('Facilitator', 3, 293, 20),
	('Producer', 5, 293, 33),
	('Engineer', 2, 293, 39),
	('Orchestrator', 3, 293, 45),
	('Associate', 3, 294, 20),
	('Technician', 1, 294, 35),
	('Architect', 3, 294, 38),
	('Coordinator', 4, 294, 40),
	('Analyst', 3, 294, 42),
	('Producer', 2, 295, 3),
	('Assistant', 2, 295, 8),
	('Specialist', 1, 295, 19),
	('Supervisor', 3, 295, 29),
	('Representative', 4, 295, 31),
	('Supervisor', 5, 296, 13),
	('Strategist', 4, 296, 15),
	('Orchestrator', 3, 296, 17),
	('Director', 3, 296, 29),
	('Designer', 5, 296, 30),
	('Administrator', 5, 297, 8),
	('Liaison', 4, 297, 12),
	('Executive', 4, 297, 32),
	('Orchestrator', 4, 297, 38),
	('Specialist', 2, 297, 50),
	('Consultant', 2, 298, 1),
	('Representative', 3, 298, 5),
	('Administrator', 3, 298, 9),
	('Supervisor', 5, 298, 11),
	('Strategist', 2, 298, 37),
	('Orchestrator', 4, 299, 8),
	('Liaison', 2, 299, 14),
	('Coordinator', 4, 299, 26),
	('Engineer', 4, 299, 44),
	('Technician', 2, 300, 2),
	('Developer', 3, 300, 11),
	('Coordinator', 3, 300, 19),
	('Associate', 4, 300, 34),
	('Developer', 2, 300, 45),
	('Producer', 5, 301, 4),
	('Agent', 1, 301, 7),
	('Planner', 1, 301, 8),
	('Producer', 3, 301, 18),
	('Consultant', 2, 301, 42),
	('Planner', 4, 302, 1),
	('Engineer', 5, 302, 17),
	('Agent', 5, 302, 20),
	('Manager', 3, 302, 40),
	('Architect', 3, 303, 16),
	('Director', 2, 303, 21),
	('Director', 1, 303, 27),
	('Designer', 4, 303, 28),
	('Strategist', 5, 303, 50),
	('Liaison', 4, 304, 7),
	('Representative', 3, 304, 8),
	('Coordinator', 4, 304, 15),
	('Agent', 5, 304, 21),
	('Officer', 2, 304, 25),
	('Producer', 5, 305, 9),
	('Coordinator', 5, 305, 11),
	('Producer', 4, 305, 20),
	('Designer', 2, 305, 44),
	('Specialist', 5, 305, 48),
	('Planner', 4, 306, 6),
	('Consultant', 4, 306, 8),
	('Analyst', 4, 306, 16),
	('Strategist', 2, 306, 31),
	('Orchestrator', 5, 306, 38),
	('Engineer', 3, 307, 2),
	('Strategist', 2, 307, 21),
	('Developer', 1, 307, 36),
	('Assistant', 2, 307, 42),
	('Designer', 1, 307, 46),
	('Associate', 5, 308, 1),
	('Associate', 1, 308, 9),
	('Strategist', 2, 308, 16),
	('Specialist', 5, 308, 33),
	('Associate', 1, 308, 41),
	('Executive', 5, 309, 18),
	('Liaison', 1, 309, 19),
	('Planner', 3, 309, 20),
	('Strategist', 3, 309, 27),
	('Producer', 2, 309, 34),
	('Developer', 5, 310, 9),
	('Orchestrator', 5, 310, 11),
	('Representative', 2, 310, 32),
	('Engineer', 1, 310, 38),
	('Associate', 3, 310, 50),
	('Manager', 3, 311, 18),
	('Liaison', 4, 311, 29),
	('Developer', 2, 311, 36),
	('Coordinator', 2, 311, 39),
	('Liaison', 5, 311, 49),
	('Assistant', 5, 312, 11),
	('Analyst', 4, 312, 12),
	('Associate', 5, 312, 14),
	('Director', 4, 312, 19),
	('Associate', 2, 312, 20),
	('Analyst', 3, 313, 26),
	('Associate', 3, 313, 32),
	('Agent', 2, 313, 36),
	('Engineer', 4, 313, 39),
	('Technician', 5, 313, 45),
	('Officer', 4, 314, 8),
	('Officer', 2, 314, 9),
	('Facilitator', 3, 314, 10),
	('Strategist', 2, 314, 16),
	('Engineer', 5, 315, 4),
	('Officer', 2, 315, 9),
	('Developer', 4, 315, 32),
	('Specialist', 1, 315, 44),
	('Administrator', 3, 315, 47),
	('Planner', 1, 316, 3),
	('Associate', 3, 316, 5),
	('Strategist', 2, 316, 13),
	('Strategist', 3, 316, 27),
	('Consultant', 2, 316, 42),
	('Assistant', 1, 317, 20),
	('Facilitator', 1, 317, 23),
	('Representative', 2, 317, 26),
	('Liaison', 5, 317, 35),
	('Representative', 5, 317, 50),
	('Officer', 1, 318, 3),
	('Liaison', 1, 318, 26),
	('Executive', 3, 318, 29),
	('Agent', 4, 318, 35),
	('Coordinator', 5, 318, 39),
	('Representative', 5, 319, 4),
	('Producer', 1, 319, 11),
	('Executive', 1, 319, 34),
	('Facilitator', 5, 319, 42),
	('Specialist', 5, 319, 50),
	('Supervisor', 4, 320, 17),
	('Technician', 1, 320, 28),
	('Orchestrator', 2, 320, 31),
	('Executive', 3, 320, 36),
	('Specialist', 5, 320, 43),
	('Analyst', 5, 321, 8),
	('Analyst', 2, 321, 19),
	('Coordinator', 1, 321, 30),
	('Orchestrator', 4, 321, 38),
	('Officer', 3, 321, 47),
	('Manager', 4, 322, 15),
	('Planner', 4, 322, 24),
	('Producer', 2, 322, 32),
	('Representative', 2, 322, 34),
	('Supervisor', 3, 322, 39),
	('Officer', 4, 323, 1),
	('Producer', 3, 323, 9),
	('Producer', 1, 323, 18),
	('Officer', 4, 323, 28),
	('Planner', 1, 323, 29),
	('Engineer', 1, 324, 12),
	('Planner', 2, 324, 36),
	('Orchestrator', 3, 324, 38),
	('Liaison', 3, 324, 39),
	('Developer', 4, 324, 46),
	('Associate', 1, 325, 16),
	('Analyst', 5, 325, 23),
	('Officer', 2, 325, 25),
	('Executive', 4, 325, 34),
	('Planner', 2, 325, 37),
	('Executive', 5, 326, 8),
	('Agent', 2, 326, 18),
	('Supervisor', 2, 326, 26),
	('Facilitator', 1, 326, 41),
	('Producer', 3, 327, 7),
	('Analyst', 3, 327, 8),
	('Planner', 4, 327, 9),
	('Director', 5, 327, 22),
	('Producer', 4, 327, 46),
	('Agent', 3, 328, 1),
	('Producer', 5, 328, 14),
	('Liaison', 1, 328, 20),
	('Architect', 2, 328, 49),
	('Technician', 1, 329, 6),
	('Specialist', 4, 329, 7),
	('Executive', 4, 329, 17),
	('Facilitator', 3, 329, 26),
	('Architect', 4, 329, 45),
	('Developer', 4, 330, 2),
	('Manager', 2, 330, 16),
	('Supervisor', 3, 330, 17),
	('Agent', 1, 330, 25),
	('Consultant', 2, 330, 32),
	('Agent', 4, 331, 1),
	('Assistant', 2, 331, 7),
	('Analyst', 3, 331, 13),
	('Coordinator', 2, 331, 16),
	('Designer', 1, 331, 26),
	('Director', 2, 332, 16),
	('Planner', 5, 332, 20),
	('Manager', 1, 332, 33),
	('Representative', 1, 332, 41),
	('Representative', 1, 332, 45),
	('Liaison', 3, 333, 1),
	('Representative', 3, 333, 6),
	('Engineer', 1, 333, 9),
	('Consultant', 5, 333, 23),
	('Specialist', 2, 333, 38),
	('Consultant', 1, 334, 6),
	('Representative', 1, 334, 9),
	('Director', 1, 334, 14),
	('Planner', 2, 334, 23),
	('Developer', 2, 334, 50),
	('Orchestrator', 1, 335, 27),
	('Developer', 4, 335, 28),
	('Engineer', 5, 335, 41),
	('Engineer', 3, 335, 47),
	('Analyst', 5, 335, 50),
	('Officer', 1, 336, 12),
	('Engineer', 2, 336, 20),
	('Orchestrator', 2, 336, 34),
	('Orchestrator', 3, 336, 40),
	('Strategist', 2, 337, 4),
	('Orchestrator', 3, 337, 8),
	('Orchestrator', 2, 337, 11),
	('Orchestrator', 4, 337, 13),
	('Consultant', 1, 337, 50),
	('Technician', 4, 338, 2),
	('Technician', 3, 338, 4),
	('Coordinator', 5, 338, 19),
	('Associate', 3, 338, 35),
	('Associate', 3, 338, 48),
	('Administrator', 2, 339, 6),
	('Producer', 1, 339, 26),
	('Agent', 3, 339, 41),
	('Manager', 1, 339, 43),
	('Agent', 3, 339, 50),
	('Manager', 5, 340, 11),
	('Executive', 4, 340, 25),
	('Assistant', 5, 340, 34),
	('Officer', 3, 340, 38),
	('Technician', 5, 340, 44),
	('Agent', 3, 341, 6),
	('Liaison', 5, 341, 11),
	('Coordinator', 1, 341, 17),
	('Orchestrator', 3, 341, 19),
	('Producer', 4, 342, 9),
	('Analyst', 5, 342, 33),
	('Designer', 1, 342, 34),
	('Producer', 2, 342, 39),
	('Associate', 1, 343, 4),
	('Administrator', 2, 343, 21),
	('Designer', 3, 343, 25),
	('Director', 1, 343, 27),
	('Producer', 2, 343, 28),
	('Producer', 2, 344, 9),
	('Designer', 4, 344, 22),
	('Supervisor', 4, 344, 25),
	('Architect', 4, 344, 36),
	('Coordinator', 4, 344, 48),
	('Administrator', 3, 345, 6),
	('Associate', 5, 345, 8),
	('Orchestrator', 3, 345, 21),
	('Agent', 3, 345, 22),
	('Director', 3, 345, 38),
	('Strategist', 1, 346, 9),
	('Officer', 4, 346, 10),
	('Coordinator', 5, 346, 18),
	('Representative', 1, 346, 28),
	('Executive', 1, 346, 44),
	('Developer', 3, 347, 9),
	('Supervisor', 2, 347, 12),
	('Assistant', 5, 347, 19),
	('Liaison', 4, 347, 36),
	('Liaison', 4, 347, 45),
	('Officer', 5, 348, 1),
	('Producer', 2, 348, 2),
	('Orchestrator', 2, 348, 12),
	('Strategist', 4, 348, 15),
	('Specialist', 2, 348, 25),
	('Director', 1, 349, 5),
	('Technician', 4, 349, 30),
	('Executive', 3, 349, 37),
	('Administrator', 2, 349, 43),
	('Associate', 2, 349, 46),
	('Analyst', 2, 350, 11),
	('Director', 5, 350, 20),
	('Designer', 5, 350, 23),
	('Technician', 3, 350, 26),
	('Manager', 4, 350, 37),
	('Technician', 2, 351, 8),
	('Specialist', 4, 351, 25),
	('Representative', 2, 351, 26),
	('Engineer', 1, 351, 29),
	('Coordinator', 2, 351, 36),
	('Designer', 4, 352, 9),
	('Planner', 3, 352, 13),
	('Assistant', 4, 352, 25),
	('Strategist', 4, 352, 30),
	('Administrator', 5, 352, 47),
	('Planner', 1, 353, 9),
	('Planner', 5, 353, 14),
	('Agent', 4, 353, 15),
	('Specialist', 1, 353, 24),
	('Director', 5, 353, 50),
	('Planner', 2, 354, 15),
	('Consultant', 1, 354, 25),
	('Developer', 1, 354, 29),
	('Liaison', 5, 354, 45),
	('Executive', 5, 355, 8),
	('Planner', 2, 355, 15),
	('Administrator', 4, 355, 19),
	('Architect', 3, 355, 27),
	('Assistant', 1, 355, 34),
	('Manager', 2, 356, 2),
	('Consultant', 5, 356, 10),
	('Representative', 1, 356, 12),
	('Producer', 2, 356, 23),
	('Associate', 4, 356, 37),
	('Strategist', 3, 357, 6),
	('Facilitator', 5, 357, 12),
	('Officer', 5, 357, 27),
	('Officer', 1, 357, 35),
	('Liaison', 5, 357, 46),
	('Supervisor', 4, 358, 2),
	('Representative', 2, 358, 8),
	('Facilitator', 1, 358, 10),
	('Manager', 1, 358, 47),
	('Engineer', 1, 359, 5),
	('Producer', 4, 359, 11),
	('Facilitator', 1, 359, 22),
	('Assistant', 3, 359, 28),
	('Associate', 4, 359, 30),
	('Officer', 1, 360, 10),
	('Strategist', 5, 360, 19),
	('Producer', 1, 360, 32),
	('Assistant', 5, 360, 36),
	('Analyst', 3, 360, 47),
	('Analyst', 4, 361, 2),
	('Manager', 5, 361, 8),
	('Analyst', 4, 361, 24),
	('Analyst', 3, 361, 28),
	('Strategist', 1, 361, 41),
	('Designer', 2, 362, 2),
	('Agent', 5, 362, 19),
	('Technician', 1, 362, 22),
	('Analyst', 2, 362, 29),
	('Orchestrator', 1, 362, 45),
	('Consultant', 2, 363, 2),
	('Engineer', 4, 363, 23),
	('Associate', 4, 363, 24),
	('Coordinator', 1, 363, 31),
	('Representative', 2, 363, 47),
	('Technician', 4, 364, 4),
	('Agent', 4, 364, 28),
	('Strategist', 2, 364, 41),
	('Liaison', 2, 364, 42),
	('Associate', 2, 364, 43),
	('Representative', 3, 365, 6),
	('Administrator', 3, 365, 9),
	('Administrator', 4, 365, 10),
	('Orchestrator', 3, 365, 13),
	('Analyst', 2, 365, 36),
	('Coordinator', 4, 366, 5),
	('Director', 5, 366, 29),
	('Orchestrator', 3, 366, 39),
	('Designer', 5, 366, 41),
	('Orchestrator', 5, 366, 42),
	('Specialist', 3, 367, 5),
	('Manager', 3, 367, 7),
	('Manager', 1, 367, 40),
	('Producer', 3, 367, 49),
	('Manager', 3, 368, 17),
	('Analyst', 5, 368, 23),
	('Officer', 1, 368, 24),
	('Designer', 2, 368, 38),
	('Architect', 2, 368, 43),
	('Executive', 5, 369, 18),
	('Assistant', 5, 369, 20),
	('Director', 4, 369, 32),
	('Architect', 5, 369, 33),
	('Analyst', 4, 369, 46),
	('Director', 5, 370, 12),
	('Administrator', 5, 370, 28),
	('Producer', 4, 370, 29),
	('Director', 3, 370, 47),
	('Architect', 1, 370, 49),
	('Consultant', 5, 371, 30),
	('Facilitator', 3, 371, 33),
	('Analyst', 4, 371, 36),
	('Planner', 5, 371, 40),
	('Producer', 4, 371, 49),
	('Designer', 2, 372, 23),
	('Representative', 4, 372, 28),
	('Architect', 3, 372, 37),
	('Analyst', 3, 372, 44),
	('Agent', 2, 373, 7),
	('Representative', 1, 373, 14),
	('Strategist', 3, 373, 22),
	('Assistant', 4, 373, 43),
	('Technician', 4, 373, 47),
	('Designer', 3, 374, 6),
	('Supervisor', 3, 374, 18),
	('Engineer', 5, 374, 37),
	('Coordinator', 5, 374, 46),
	('Administrator', 3, 374, 49),
	('Assistant', 5, 375, 19),
	('Representative', 2, 375, 26),
	('Planner', 4, 375, 33),
	('Coordinator', 3, 375, 41),
	('Engineer', 1, 375, 48),
	('Representative', 4, 376, 16),
	('Architect', 4, 376, 22),
	('Executive', 3, 376, 33),
	('Planner', 5, 376, 48),
	('Orchestrator', 5, 376, 49),
	('Planner', 2, 377, 6),
	('Agent', 4, 377, 7),
	('Representative', 4, 377, 37),
	('Assistant', 3, 377, 42),
	('Administrator', 1, 378, 14),
	('Officer', 4, 378, 29),
	('Strategist', 4, 378, 42),
	('Planner', 4, 378, 47),
	('Facilitator', 5, 378, 50),
	('Architect', 1, 379, 15),
	('Liaison', 3, 379, 30),
	('Producer', 5, 379, 33),
	('Liaison', 4, 379, 47),
	('Associate', 1, 379, 48),
	('Director', 4, 380, 1),
	('Developer', 3, 380, 5),
	('Representative', 1, 380, 7),
	('Liaison', 1, 380, 8),
	('Consultant', 2, 380, 40),
	('Assistant', 4, 381, 7),
	('Director', 1, 381, 26),
	('Manager', 1, 381, 28),
	('Associate', 2, 381, 29),
	('Orchestrator', 4, 381, 37),
	('Agent', 4, 382, 4),
	('Coordinator', 2, 382, 6),
	('Administrator', 5, 382, 8),
	('Liaison', 5, 382, 13),
	('Producer', 4, 383, 3),
	('Representative', 5, 383, 29),
	('Assistant', 2, 383, 39),
	('Agent', 3, 383, 41),
	('Architect', 3, 383, 47),
	('Analyst', 2, 384, 6),
	('Agent', 1, 384, 16),
	('Administrator', 2, 384, 31),
	('Strategist', 3, 384, 50),
	('Technician', 4, 385, 10),
	('Planner', 5, 385, 11),
	('Representative', 2, 385, 13),
	('Executive', 5, 385, 18),
	('Engineer', 2, 385, 22),
	('Architect', 1, 386, 14),
	('Executive', 3, 386, 22),
	('Assistant', 2, 386, 26),
	('Officer', 1, 386, 36),
	('Producer', 3, 386, 41),
	('Supervisor', 5, 387, 5),
	('Producer', 3, 387, 10),
	('Analyst', 3, 387, 29),
	('Facilitator', 1, 387, 39),
	('Specialist', 4, 387, 49),
	('Coordinator', 2, 388, 1),
	('Supervisor', 1, 388, 5),
	('Officer', 2, 388, 42),
	('Agent', 3, 388, 46),
	('Assistant', 1, 388, 48),
	('Orchestrator', 4, 389, 29),
	('Representative', 5, 389, 35),
	('Engineer', 3, 389, 39),
	('Manager', 1, 389, 47),
	('Analyst', 3, 389, 48),
	('Strategist', 1, 390, 3),
	('Supervisor', 3, 390, 17),
	('Assistant', 1, 390, 25),
	('Strategist', 2, 390, 40),
	('Analyst', 1, 390, 44),
	('Manager', 4, 391, 14),
	('Coordinator', 1, 391, 31),
	('Associate', 3, 391, 48),
	('Coordinator', 5, 392, 12),
	('Designer', 2, 392, 14),
	('Producer', 3, 392, 24),
	('Manager', 5, 392, 30),
	('Representative', 1, 392, 50),
	('Technician', 4, 393, 4),
	('Coordinator', 5, 393, 19),
	('Planner', 5, 393, 26),
	('Strategist', 1, 393, 44),
	('Specialist', 3, 393, 50),
	('Engineer', 1, 394, 4),
	('Strategist', 2, 394, 8),
	('Facilitator', 2, 394, 14),
	('Consultant', 2, 394, 24),
	('Officer', 5, 394, 37),
	('Developer', 5, 395, 13),
	('Director', 3, 395, 17),
	('Executive', 3, 395, 25),
	('Director', 5, 395, 31),
	('Supervisor', 3, 395, 42),
	('Executive', 4, 396, 2),
	('Orchestrator', 4, 396, 9),
	('Executive', 3, 396, 13),
	('Agent', 1, 396, 14),
	('Producer', 4, 396, 21),
	('Strategist', 1, 397, 3),
	('Administrator', 1, 397, 9),
	('Analyst', 1, 397, 16),
	('Engineer', 3, 397, 17),
	('Assistant', 5, 397, 36),
	('Producer', 3, 398, 10),
	('Liaison', 2, 398, 12),
	('Strategist', 3, 398, 18),
	('Manager', 3, 398, 34),
	('Producer', 2, 398, 36),
	('Coordinator', 2, 399, 15),
	('Supervisor', 3, 399, 19),
	('Consultant', 4, 399, 30),
	('Orchestrator', 5, 399, 46),
	('Manager', 1, 399, 48),
	('Producer', 5, 400, 1),
	('Developer', 5, 400, 4),
	('Administrator', 4, 400, 20),
	('Coordinator', 2, 400, 32),
	('Coordinator', 5, 400, 48),
	('Orchestrator', 4, 401, 9),
	('Strategist', 4, 401, 18),
	('Strategist', 5, 401, 28),
	('Engineer', 2, 401, 30),
	('Producer', 5, 401, 49),
	('Executive', 4, 402, 17),
	('Liaison', 3, 402, 20),
	('Specialist', 4, 402, 25),
	('Executive', 4, 402, 30),
	('Developer', 3, 402, 43),
	('Coordinator', 1, 403, 8),
	('Agent', 5, 403, 23),
	('Coordinator', 4, 403, 31),
	('Associate', 3, 403, 40),
	('Executive', 4, 403, 45),
	('Facilitator', 2, 404, 5),
	('Administrator', 5, 404, 19),
	('Engineer', 3, 404, 24),
	('Planner', 4, 404, 25),
	('Agent', 2, 404, 46),
	('Strategist', 5, 405, 7),
	('Director', 4, 405, 10),
	('Planner', 1, 405, 26),
	('Specialist', 5, 405, 28),
	('Officer', 3, 405, 44),
	('Consultant', 2, 406, 11),
	('Orchestrator', 3, 406, 20),
	('Executive', 3, 406, 30),
	('Agent', 1, 406, 42),
	('Liaison', 1, 407, 1),
	('Facilitator', 4, 407, 7),
	('Manager', 3, 407, 17),
	('Specialist', 3, 407, 41),
	('Associate', 1, 407, 45),
	('Director', 4, 408, 23),
	('Agent', 1, 408, 26),
	('Facilitator', 1, 408, 28),
	('Consultant', 4, 408, 30),
	('Planner', 5, 409, 5),
	('Technician', 2, 409, 9),
	('Executive', 1, 409, 11),
	('Representative', 3, 409, 16),
	('Engineer', 4, 410, 5),
	('Agent', 5, 410, 13),
	('Officer', 4, 410, 25),
	('Designer', 1, 410, 36),
	('Director', 2, 410, 38),
	('Executive', 3, 411, 13),
	('Executive', 3, 411, 14),
	('Strategist', 2, 411, 22),
	('Supervisor', 1, 411, 31),
	('Administrator', 4, 411, 47),
	('Engineer', 3, 412, 2),
	('Executive', 2, 412, 4),
	('Analyst', 5, 412, 13),
	('Manager', 5, 412, 42),
	('Producer', 4, 412, 47),
	('Officer', 1, 413, 11),
	('Coordinator', 5, 413, 12),
	('Analyst', 1, 413, 28),
	('Analyst', 5, 413, 38),
	('Orchestrator', 3, 413, 40),
	('Producer', 4, 414, 3),
	('Liaison', 5, 414, 5),
	('Manager', 3, 414, 8),
	('Administrator', 4, 414, 10),
	('Developer', 5, 414, 31),
	('Supervisor', 2, 415, 8),
	('Supervisor', 2, 415, 9),
	('Strategist', 5, 415, 27),
	('Analyst', 4, 415, 28),
	('Developer', 3, 415, 44),
	('Consultant', 5, 416, 26),
	('Assistant', 4, 416, 34),
	('Architect', 5, 416, 37),
	('Associate', 1, 416, 39),
	('Director', 4, 416, 49),
	('Executive', 3, 417, 10),
	('Developer', 3, 417, 12),
	('Planner', 1, 417, 17),
	('Orchestrator', 1, 417, 36),
	('Consultant', 4, 417, 38),
	('Associate', 2, 418, 2),
	('Strategist', 5, 418, 16),
	('Planner', 5, 418, 24),
	('Specialist', 5, 418, 30),
	('Agent', 1, 418, 37),
	('Coordinator', 5, 419, 24),
	('Director', 5, 419, 26),
	('Specialist', 3, 419, 37),
	('Representative', 4, 419, 38),
	('Consultant', 2, 419, 43),
	('Supervisor', 2, 420, 9),
	('Orchestrator', 4, 420, 14),
	('Assistant', 3, 420, 43),
	('Developer', 1, 420, 45),
	('Representative', 5, 420, 50),
	('Associate', 1, 421, 18),
	('Assistant', 2, 421, 20),
	('Director', 3, 421, 24),
	('Liaison', 3, 421, 39),
	('Agent', 3, 421, 43),
	('Consultant', 3, 422, 15),
	('Engineer', 2, 422, 16),
	('Liaison', 2, 422, 18),
	('Assistant', 3, 422, 23),
	('Manager', 4, 422, 42),
	('Strategist', 1, 423, 16),
	('Technician', 3, 423, 34),
	('Administrator', 4, 423, 44),
	('Producer', 3, 423, 48),
	('Consultant', 4, 423, 49),
	('Representative', 2, 424, 3),
	('Liaison', 1, 424, 7),
	('Orchestrator', 4, 424, 12),
	('Administrator', 4, 424, 32),
	('Planner', 5, 424, 48),
	('Developer', 5, 425, 2),
	('Specialist', 4, 425, 10),
	('Representative', 5, 425, 34),
	('Planner', 2, 425, 47),
	('Assistant', 1, 425, 49),
	('Director', 3, 426, 13),
	('Coordinator', 2, 426, 25),
	('Engineer', 1, 426, 29),
	('Designer', 4, 426, 37),
	('Consultant', 5, 426, 38),
	('Executive', 2, 427, 4),
	('Officer', 3, 427, 8),
	('Manager', 3, 427, 39),
	('Officer', 1, 427, 41),
	('Designer', 3, 427, 47),
	('Technician', 5, 428, 6),
	('Manager', 2, 428, 11),
	('Assistant', 5, 428, 12),
	('Administrator', 1, 428, 13),
	('Specialist', 1, 428, 31),
	('Supervisor', 1, 429, 16),
	('Planner', 4, 429, 22),
	('Officer', 5, 429, 23),
	('Representative', 4, 429, 36),
	('Orchestrator', 1, 429, 48),
	('Orchestrator', 3, 430, 7),
	('Officer', 3, 430, 28),
	('Director', 4, 430, 33),
	('Supervisor', 3, 430, 34),
	('Assistant', 3, 430, 50),
	('Director', 2, 431, 3),
	('Analyst', 5, 431, 18),
	('Producer', 4, 431, 22),
	('Orchestrator', 5, 431, 36),
	('Specialist', 2, 431, 39),
	('Analyst', 1, 432, 1),
	('Developer', 5, 432, 18),
	('Assistant', 2, 432, 44),
	('Consultant', 4, 432, 48),
	('Coordinator', 1, 432, 49),
	('Representative', 2, 433, 18),
	('Designer', 2, 433, 20),
	('Producer', 2, 433, 23),
	('Director', 1, 433, 26),
	('Director', 1, 433, 30),
	('Facilitator', 2, 434, 6),
	('Officer', 5, 434, 11),
	('Manager', 4, 434, 18),
	('Executive', 2, 434, 43),
	('Planner', 2, 435, 23),
	('Director', 1, 435, 27),
	('Agent', 2, 435, 40),
	('Administrator', 2, 435, 50),
	('Liaison', 5, 436, 15),
	('Coordinator', 1, 436, 36),
	('Associate', 4, 436, 37),
	('Associate', 4, 436, 38),
	('Director', 4, 436, 42),
	('Planner', 2, 437, 4),
	('Producer', 5, 437, 10),
	('Coordinator', 3, 437, 13),
	('Orchestrator', 2, 437, 39),
	('Facilitator', 2, 437, 50),
	('Agent', 2, 438, 36),
	('Assistant', 5, 438, 44),
	('Producer', 4, 438, 45),
	('Designer', 2, 438, 48),
	('Coordinator', 2, 439, 7),
	('Strategist', 5, 439, 15),
	('Supervisor', 2, 439, 20),
	('Engineer', 3, 439, 29),
	('Liaison', 2, 439, 42),
	('Associate', 2, 440, 8),
	('Engineer', 2, 440, 18),
	('Supervisor', 5, 440, 21),
	('Specialist', 5, 440, 39),
	('Strategist', 1, 440, 49),
	('Agent', 5, 441, 2),
	('Agent', 3, 441, 22),
	('Designer', 1, 441, 25),
	('Analyst', 1, 441, 36),
	('Architect', 5, 441, 38),
	('Assistant', 1, 442, 6),
	('Supervisor', 2, 442, 7),
	('Engineer', 4, 442, 18),
	('Engineer', 1, 442, 38),
	('Developer', 1, 442, 39),
	('Liaison', 3, 443, 9),
	('Liaison', 3, 443, 14),
	('Strategist', 5, 443, 17),
	('Agent', 3, 443, 29),
	('Engineer', 4, 443, 42),
	('Designer', 5, 444, 7),
	('Officer', 5, 444, 19),
	('Specialist', 2, 444, 30),
	('Supervisor', 3, 444, 37),
	('Strategist', 4, 444, 41),
	('Technician', 5, 445, 5),
	('Representative', 2, 445, 8),
	('Facilitator', 4, 445, 24),
	('Producer', 1, 445, 36),
	('Supervisor', 5, 445, 46),
	('Officer', 5, 446, 9),
	('Technician', 2, 446, 23),
	('Executive', 1, 446, 30),
	('Analyst', 5, 446, 39),
	('Engineer', 3, 446, 49),
	('Coordinator', 5, 447, 4),
	('Developer', 4, 447, 23),
	('Architect', 3, 447, 28),
	('Administrator', 1, 447, 29),
	('Specialist', 4, 447, 42),
	('Developer', 5, 448, 29),
	('Assistant', 2, 448, 30),
	('Liaison', 3, 448, 33),
	('Orchestrator', 4, 448, 34),
	('Facilitator', 1, 448, 43),
	('Officer', 3, 449, 28),
	('Consultant', 3, 449, 33),
	('Strategist', 1, 449, 47),
	('Facilitator', 3, 449, 50),
	('Designer', 1, 450, 6),
	('Analyst', 1, 450, 16),
	('Planner', 4, 450, 40),
	('Executive', 1, 450, 45),
	('Director', 3, 450, 50),
	('Specialist', 5, 451, 17),
	('Representative', 1, 451, 36),
	('Engineer', 2, 451, 37),
	('Agent', 2, 451, 38),
	('Coordinator', 3, 451, 44),
	('Representative', 4, 452, 3),
	('Strategist', 3, 452, 12),
	('Developer', 5, 452, 26),
	('Agent', 4, 452, 34),
	('Orchestrator', 3, 453, 5),
	('Associate', 2, 453, 11),
	('Associate', 5, 453, 18),
	('Assistant', 4, 453, 31),
	('Director', 4, 453, 34),
	('Analyst', 1, 454, 2),
	('Officer', 5, 454, 12),
	('Strategist', 3, 454, 17),
	('Agent', 3, 454, 28),
	('Designer', 2, 454, 29),
	('Strategist', 1, 455, 24),
	('Designer', 2, 455, 31),
	('Specialist', 4, 455, 35),
	('Representative', 5, 455, 36),
	('Manager', 5, 455, 45),
	('Facilitator', 5, 456, 4),
	('Facilitator', 3, 456, 7),
	('Agent', 5, 456, 17),
	('Technician', 2, 456, 28),
	('Planner', 3, 456, 32),
	('Officer', 3, 457, 3),
	('Specialist', 1, 457, 12),
	('Producer', 4, 457, 23),
	('Technician', 2, 457, 42),
	('Associate', 2, 457, 45),
	('Engineer', 2, 458, 1),
	('Supervisor', 5, 458, 6),
	('Producer', 5, 458, 26),
	('Specialist', 2, 458, 38),
	('Liaison', 5, 458, 50),
	('Producer', 5, 459, 38),
	('Orchestrator', 1, 459, 41),
	('Analyst', 1, 459, 46),
	('Manager', 3, 459, 50),
	('Architect', 4, 460, 2),
	('Officer', 2, 460, 4),
	('Executive', 2, 460, 15),
	('Consultant', 3, 460, 18),
	('Representative', 4, 460, 40),
	('Officer', 2, 461, 14),
	('Developer', 3, 461, 16),
	('Orchestrator', 5, 461, 18),
	('Executive', 4, 461, 28),
	('Coordinator', 2, 461, 30),
	('Architect', 1, 462, 19),
	('Manager', 5, 462, 28),
	('Agent', 3, 462, 32),
	('Planner', 1, 462, 42),
	('Liaison', 5, 462, 48),
	('Developer', 4, 463, 3),
	('Assistant', 4, 463, 6),
	('Executive', 4, 463, 10),
	('Designer', 3, 463, 35),
	('Officer', 3, 463, 47),
	('Coordinator', 4, 464, 1),
	('Producer', 4, 464, 2),
	('Coordinator', 2, 464, 10),
	('Agent', 3, 464, 16),
	('Planner', 4, 464, 20),
	('Engineer', 1, 465, 5),
	('Associate', 4, 465, 10),
	('Strategist', 1, 465, 19),
	('Consultant', 2, 465, 24),
	('Supervisor', 3, 465, 43),
	('Manager', 3, 466, 4),
	('Manager', 2, 466, 19),
	('Developer', 5, 466, 23),
	('Administrator', 2, 466, 46),
	('Officer', 4, 466, 47),
	('Facilitator', 5, 467, 1),
	('Analyst', 2, 467, 4),
	('Representative', 5, 467, 33),
	('Assistant', 3, 467, 45),
	('Consultant', 4, 467, 49),
	('Executive', 2, 468, 1),
	('Officer', 4, 468, 10),
	('Executive', 5, 468, 23),
	('Orchestrator', 3, 468, 33),
	('Orchestrator', 2, 468, 37),
	('Designer', 3, 469, 9),
	('Coordinator', 4, 469, 17),
	('Director', 3, 469, 19),
	('Associate', 5, 469, 34),
	('Strategist', 2, 469, 40),
	('Analyst', 3, 470, 5),
	('Liaison', 2, 470, 6),
	('Officer', 2, 470, 15),
	('Planner', 4, 470, 17),
	('Associate', 3, 470, 45),
	('Consultant', 5, 471, 14),
	('Developer', 1, 471, 27),
	('Liaison', 4, 471, 28),
	('Director', 5, 471, 34),
	('Specialist', 3, 471, 46),
	('Specialist', 2, 472, 5),
	('Orchestrator', 2, 472, 7),
	('Consultant', 2, 472, 8),
	('Liaison', 3, 472, 9),
	('Assistant', 2, 472, 33),
	('Administrator', 5, 473, 8),
	('Producer', 2, 473, 19),
	('Liaison', 1, 473, 35),
	('Facilitator', 1, 473, 38),
	('Consultant', 3, 473, 49),
	('Coordinator', 1, 474, 11),
	('Developer', 3, 474, 13),
	('Designer', 5, 474, 26),
	('Supervisor', 3, 474, 36),
	('Administrator', 2, 474, 47),
	('Technician', 5, 475, 1),
	('Consultant', 4, 475, 3),
	('Technician', 1, 475, 29),
	('Agent', 2, 475, 36),
	('Associate', 4, 475, 48),
	('Coordinator', 5, 476, 1),
	('Supervisor', 1, 476, 12),
	('Producer', 5, 476, 19),
	('Strategist', 2, 476, 22),
	('Consultant', 4, 476, 25),
	('Officer', 4, 477, 7),
	('Specialist', 5, 477, 17),
	('Officer', 4, 477, 26),
	('Specialist', 3, 477, 34),
	('Facilitator', 4, 477, 50),
	('Administrator', 3, 478, 19),
	('Producer', 5, 478, 22),
	('Orchestrator', 5, 478, 23),
	('Assistant', 1, 478, 35),
	('Coordinator', 2, 478, 42),
	('Liaison', 3, 479, 8),
	('Technician', 4, 479, 31),
	('Orchestrator', 3, 479, 35),
	('Representative', 5, 479, 36),
	('Liaison', 5, 479, 44),
	('Representative', 3, 480, 4),
	('Supervisor', 3, 480, 5),
	('Agent', 2, 480, 18),
	('Agent', 1, 480, 31),
	('Director', 4, 480, 46),
	('Analyst', 5, 481, 4),
	('Producer', 4, 481, 14),
	('Architect', 2, 481, 22),
	('Analyst', 2, 481, 31),
	('Analyst', 3, 481, 48),
	('Technician', 1, 482, 1),
	('Analyst', 2, 482, 29),
	('Manager', 4, 482, 36),
	('Orchestrator', 3, 482, 44),
	('Planner', 2, 483, 10),
	('Orchestrator', 5, 483, 21),
	('Director', 2, 483, 33),
	('Liaison', 1, 483, 36),
	('Liaison', 2, 483, 45),
	('Executive', 3, 484, 3),
	('Developer', 1, 484, 6),
	('Strategist', 1, 484, 26),
	('Agent', 2, 484, 32),
	('Facilitator', 5, 484, 40),
	('Supervisor', 2, 485, 17),
	('Producer', 4, 485, 21),
	('Engineer', 1, 485, 35),
	('Associate', 1, 485, 40),
	('Specialist', 2, 485, 44),
	('Orchestrator', 3, 486, 2),
	('Architect', 2, 486, 5),
	('Agent', 1, 486, 30),
	('Coordinator', 2, 486, 49),
	('Technician', 2, 486, 50),
	('Liaison', 1, 487, 4),
	('Executive', 4, 487, 9),
	('Manager', 5, 487, 20),
	('Manager', 2, 487, 28),
	('Designer', 3, 487, 46),
	('Developer', 4, 488, 9),
	('Supervisor', 3, 488, 33),
	('Administrator', 5, 488, 42),
	('Supervisor', 1, 488, 45),
	('Planner', 4, 489, 8),
	('Technician', 1, 489, 23),
	('Specialist', 4, 489, 26),
	('Engineer', 4, 489, 35),
	('Manager', 3, 489, 40),
	('Orchestrator', 1, 490, 8),
	('Agent', 1, 490, 20),
	('Manager', 3, 490, 29),
	('Planner', 4, 490, 30),
	('Analyst', 1, 490, 40),
	('Specialist', 5, 491, 7),
	('Facilitator', 2, 491, 13),
	('Agent', 1, 491, 24),
	('Orchestrator', 3, 491, 38),
	('Manager', 3, 491, 44),
	('Coordinator', 4, 492, 5),
	('Orchestrator', 5, 492, 8),
	('Assistant', 3, 492, 17),
	('Executive', 2, 492, 19),
	('Manager', 1, 492, 49),
	('Liaison', 2, 493, 13),
	('Consultant', 5, 493, 37),
	('Strategist', 2, 493, 38),
	('Director', 1, 493, 43),
	('Manager', 4, 493, 49),
	('Executive', 1, 494, 8),
	('Associate', 5, 494, 9),
	('Orchestrator', 2, 494, 19),
	('Technician', 5, 494, 41),
	('Planner', 5, 495, 1),
	('Consultant', 4, 495, 14),
	('Engineer', 1, 495, 22),
	('Planner', 3, 495, 31),
	('Planner', 3, 495, 50),
	('Director', 2, 496, 9),
	('Engineer', 3, 496, 35),
	('Liaison', 1, 496, 45),
	('Strategist', 2, 496, 48),
	('Analyst', 3, 497, 1),
	('Analyst', 3, 497, 26),
	('Facilitator', 5, 497, 31),
	('Liaison', 1, 497, 47),
	('Administrator', 4, 498, 1),
	('Liaison', 4, 498, 3),
	('Planner', 4, 498, 8),
	('Coordinator', 5, 498, 12),
	('Engineer', 4, 498, 27),
	('Analyst', 2, 499, 2),
	('Analyst', 3, 499, 3),
	('Representative', 1, 499, 9),
	('Officer', 4, 499, 48),
	('Liaison', 3, 499, 49),
	('Director', 3, 500, 8),
	('Architect', 5, 500, 9),
	('Liaison', 3, 500, 17),
	('Representative', 4, 500, 33),
	('Associate', 3, 500, 49);

-- Dumping structure for table works_detail.roles
CREATE TABLE IF NOT EXISTS `roles` (
  `role_id` bigint(20) NOT NULL AUTO_INCREMENT,
  `code` varchar(255) DEFAULT NULL,
  `name` varchar(255) DEFAULT NULL,
  PRIMARY KEY (`role_id`)
) ENGINE=InnoDB AUTO_INCREMENT=4 DEFAULT CHARSET=latin1 COLLATE=latin1_swedish_ci;

-- Dumping data for table works_detail.roles: ~3 rows (approximately)
REPLACE INTO `roles` (`role_id`, `code`, `name`) VALUES
	(1, 'COMPANY', 'Company'),
	(2, 'ADMIN', 'Admin'),
	(3, 'CANDIDATE', 'Candidate');

-- Dumping structure for table works_detail.skill
CREATE TABLE IF NOT EXISTS `skill` (
  `skill_id` bigint(20) NOT NULL AUTO_INCREMENT,
  `skill_description` varchar(255) DEFAULT NULL,
  `skill_name` varchar(255) DEFAULT NULL,
  `type` enum('SOFT_SKILL','TECHNICAL_SKILL','UNSPECIFIC') DEFAULT NULL,
  PRIMARY KEY (`skill_id`)
) ENGINE=InnoDB AUTO_INCREMENT=51 DEFAULT CHARSET=latin1 COLLATE=latin1_swedish_ci;

-- Dumping data for table works_detail.skill: ~50 rows (approximately)
REPLACE INTO `skill` (`skill_id`, `skill_description`, `skill_name`, `type`) VALUES
	(1, 'Communication', 'Teamwork', 'UNSPECIFIC'),
	(2, 'Fast learner', 'Leadership', 'TECHNICAL_SKILL'),
	(3, 'Problem solving', 'Networking skills', 'UNSPECIFIC'),
	(4, 'Problem solving', 'Teamwork', 'SOFT_SKILL'),
	(5, 'Confidence', 'Work under pressure', 'SOFT_SKILL'),
	(6, 'Networking skills', 'Fast learner', 'TECHNICAL_SKILL'),
	(7, 'Organisation', 'Networking skills', 'UNSPECIFIC'),
	(8, 'Leadership', 'Confidence', 'TECHNICAL_SKILL'),
	(9, 'Organisation', 'Work under pressure', 'UNSPECIFIC'),
	(10, 'Work under pressure', 'Communication', 'UNSPECIFIC'),
	(11, 'Teamwork', 'Communication', 'UNSPECIFIC'),
	(12, 'Networking skills', 'Leadership', 'SOFT_SKILL'),
	(13, 'Self-motivated', 'Proactive', 'TECHNICAL_SKILL'),
	(14, 'Fast learner', 'Networking skills', 'TECHNICAL_SKILL'),
	(15, 'Communication', 'Organisation', 'TECHNICAL_SKILL'),
	(16, 'Teamwork', 'Work under pressure', 'SOFT_SKILL'),
	(17, 'Fast learner', 'Teamwork', 'UNSPECIFIC'),
	(18, 'Confidence', 'Problem solving', 'TECHNICAL_SKILL'),
	(19, 'Proactive', 'Fast learner', 'UNSPECIFIC'),
	(20, 'Work under pressure', 'Self-motivated', 'UNSPECIFIC'),
	(21, 'Proactive', 'Teamwork', 'TECHNICAL_SKILL'),
	(22, 'Leadership', 'Networking skills', 'UNSPECIFIC'),
	(23, 'Leadership', 'Work under pressure', 'TECHNICAL_SKILL'),
	(24, 'Proactive', 'Networking skills', 'SOFT_SKILL'),
	(25, 'Leadership', 'Organisation', 'SOFT_SKILL'),
	(26, 'Self-motivated', 'Problem solving', 'TECHNICAL_SKILL'),
	(27, 'Problem solving', 'Communication', 'TECHNICAL_SKILL'),
	(28, 'Leadership', 'Proactive', 'UNSPECIFIC'),
	(29, 'Proactive', 'Fast learner', 'TECHNICAL_SKILL'),
	(30, 'Teamwork', 'Leadership', 'UNSPECIFIC'),
	(31, 'Leadership', 'Work under pressure', 'UNSPECIFIC'),
	(32, 'Fast learner', 'Communication', 'UNSPECIFIC'),
	(33, 'Communication', 'Organisation', 'TECHNICAL_SKILL'),
	(34, 'Self-motivated', 'Work under pressure', 'TECHNICAL_SKILL'),
	(35, 'Confidence', 'Work under pressure', 'TECHNICAL_SKILL'),
	(36, 'Fast learner', 'Work under pressure', 'TECHNICAL_SKILL'),
	(37, 'Self-motivated', 'Leadership', 'SOFT_SKILL'),
	(38, 'Networking skills', 'Organisation', 'UNSPECIFIC'),
	(39, 'Work under pressure', 'Networking skills', 'UNSPECIFIC'),
	(40, 'Teamwork', 'Leadership', 'SOFT_SKILL'),
	(41, 'Problem solving', 'Proactive', 'TECHNICAL_SKILL'),
	(42, 'Networking skills', 'Fast learner', 'SOFT_SKILL'),
	(43, 'Technical savvy', 'Communication', 'TECHNICAL_SKILL'),
	(44, 'Problem solving', 'Organisation', 'TECHNICAL_SKILL'),
	(45, 'Leadership', 'Networking skills', 'UNSPECIFIC'),
	(46, 'Proactive', 'Communication', 'UNSPECIFIC'),
	(47, 'Problem solving', 'Technical savvy', 'UNSPECIFIC'),
	(48, 'Organisation', 'Networking skills', 'UNSPECIFIC'),
	(49, 'Work under pressure', 'Problem solving', 'SOFT_SKILL'),
	(50, 'Proactive', 'Confidence', 'TECHNICAL_SKILL');

-- Dumping structure for table works_detail.users
CREATE TABLE IF NOT EXISTS `users` (
  `user_id` bigint(20) NOT NULL AUTO_INCREMENT,
  `password` varchar(255) NOT NULL,
  `username` varchar(255) NOT NULL,
  PRIMARY KEY (`user_id`),
  UNIQUE KEY `UKr43af9ap4edm43mmtq01oddj6` (`username`)
) ENGINE=InnoDB AUTO_INCREMENT=101 DEFAULT CHARSET=latin1 COLLATE=latin1_swedish_ci;

-- Dumping data for table works_detail.users: ~100 rows (approximately)
REPLACE INTO `users` (`user_id`, `password`, `username`) VALUES
	(1, 'password1', 'john_doe'),
	(2, 'password2', 'jane_doe'),
	(3, 'password3', 'michael_smith'),
	(4, 'password4', 'emma_jones'),
	(5, 'password5', 'william_brown'),
	(6, 'password6', 'olivia_davis'),
	(7, 'password7', 'james_miller'),
	(8, 'password8', 'sophia_wilson'),
	(9, 'password9', 'benjamin_taylor'),
	(10, 'password10', 'mia_anderson'),
	(11, 'password11', 'lucas_thomas'),
	(12, 'password12', 'amelia_white'),
	(13, 'password13', 'alexander_harris'),
	(14, 'password14', 'isabella_martin'),
	(15, 'password15', 'ethan_thompson'),
	(16, 'password16', 'charlotte_garcia'),
	(17, 'password17', 'daniel_martinez'),
	(18, 'password18', 'ava_hernandez'),
	(19, 'password19', 'matthew_clark'),
	(20, 'password20', 'harper_rodriguez'),
	(21, 'password21', 'jackson_lewis'),
	(22, 'password22', 'ella_lee'),
	(23, 'password23', 'sebastian_walker'),
	(24, 'password24', 'scarlett_hall'),
	(25, 'password25', 'david_allen'),
	(26, 'password26', 'grace_young'),
	(27, 'password27', 'logan_king'),
	(28, 'password28', 'chloe_scott'),
	(29, 'password29', 'jacob_green'),
	(30, 'password30', 'lily_adams'),
	(31, 'password31', 'henry_baker'),
	(32, 'password32', 'zoe_gonzalez'),
	(33, 'password33', 'owen_mitchell'),
	(34, 'password34', 'violet_carter'),
	(35, 'password35', 'levi_perez'),
	(36, 'password36', 'hazel_roberts'),
	(37, 'password37', 'aiden_turner'),
	(38, 'password38', 'ella_phillips'),
	(39, 'password39', 'samuel_campbell'),
	(40, 'password40', 'nora_parker'),
	(41, 'password41', 'elijah_evans'),
	(42, 'password42', 'aria_edwards'),
	(43, 'password43', 'luke_collins'),
	(44, 'password44', 'aurora_stewart'),
	(45, 'password45', 'noah_sanchez'),
	(46, 'password46', 'penelope_morris'),
	(47, 'password47', 'wyatt_rogers'),
	(48, 'password48', 'stella_reed'),
	(49, 'password49', 'leo_cook'),
	(50, 'password50', 'ella_bell'),
	(51, 'password51', 'anna_hughes'),
	(52, 'password52', 'thomas_russell'),
	(53, 'password53', 'sarah_griffin'),
	(54, 'password54', 'ryan_watson'),
	(55, 'password55', 'laura_butler'),
	(56, 'password56', 'dylan_brooks'),
	(57, 'password57', 'julia_foster'),
	(58, 'password58', 'nathan_powell'),
	(59, 'password59', 'hannah_fisher'),
	(60, 'password60', 'caleb_simmons'),
	(61, 'password61', 'scarlett_barnes'),
	(62, 'password62', 'gabriel_gray'),
	(63, 'password63', 'elena_patterson'),
	(64, 'password64', 'mason_hughes'),
	(65, 'password65', 'zoey_hayes'),
	(66, 'password66', 'logan_long'),
	(67, 'password67', 'nora_price'),
	(68, 'password68', 'jacob_bell'),
	(69, 'password69', 'violet_cooper'),
	(70, 'password70', 'owen_washington'),
	(71, 'password71', 'lucy_henderson'),
	(72, 'password72', 'liam_west'),
	(73, 'password73', 'luna_peterson'),
	(74, 'password74', 'levi_moore'),
	(75, 'password75', 'amelia_hamilton'),
	(76, 'password76', 'aiden_james'),
	(77, 'password77', 'grace_ross'),
	(78, 'password78', 'elijah_morgan'),
	(79, 'password79', 'aria_reed'),
	(80, 'password80', 'daniel_wood'),
	(81, 'password81', 'aurora_bailey'),
	(82, 'password82', 'ethan_hall'),
	(83, 'password83', 'emma_allen'),
	(84, 'password84', 'david_wright'),
	(85, 'password85', 'sophie_murphy'),
	(86, 'password86', 'matthew_carter'),
	(87, 'password87', 'chloe_howard'),
	(88, 'password88', 'jackson_turner'),
	(89, 'password89', 'mia_cox'),
	(90, 'password90', 'james_richardson'),
	(91, 'password91', 'olivia_perez'),
	(92, 'password92', 'benjamin_bryant'),
	(93, 'password93', 'ella_harris'),
	(94, 'password94', 'sebastian_martinez'),
	(95, 'password95', 'harper_mitchell'),
	(96, 'password96', 'lucas_clark'),
	(97, 'password97', 'sophia_edwards'),
	(98, 'password98', 'william_hughes'),
	(99, 'password99', 'zoe_moore'),
	(100, 'password100', 'alexander_evans');

-- Dumping structure for table works_detail.users_roles
CREATE TABLE IF NOT EXISTS `users_roles` (
  `user_id` bigint(20) NOT NULL,
  `role_id` bigint(20) NOT NULL,
  KEY `FKj6m8fwv7oqv74fcehir1a9ffy` (`role_id`),
  KEY `FK2o0jvgh89lemvvo17cbqvdxaa` (`user_id`),
  CONSTRAINT `FK2o0jvgh89lemvvo17cbqvdxaa` FOREIGN KEY (`user_id`) REFERENCES `users` (`user_id`),
  CONSTRAINT `FKj6m8fwv7oqv74fcehir1a9ffy` FOREIGN KEY (`role_id`) REFERENCES `roles` (`role_id`)
) ENGINE=InnoDB DEFAULT CHARSET=latin1 COLLATE=latin1_swedish_ci;

-- Dumping data for table works_detail.users_roles: ~100 rows (approximately)
REPLACE INTO `users_roles` (`user_id`, `role_id`) VALUES
	(1, 3),
	(2, 3),
	(3, 3),
	(4, 3),
	(5, 3),
	(6, 3),
	(7, 3),
	(8, 3),
	(9, 3),
	(10, 3),
	(11, 3),
	(12, 3),
	(13, 3),
	(14, 3),
	(15, 3),
	(16, 3),
	(17, 3),
	(18, 3),
	(19, 3),
	(20, 3),
	(21, 3),
	(22, 3),
	(23, 3),
	(24, 3),
	(25, 3),
	(26, 3),
	(27, 3),
	(28, 3),
	(29, 3),
	(30, 3),
	(31, 3),
	(32, 3),
	(33, 3),
	(34, 3),
	(35, 3),
	(36, 3),
	(37, 3),
	(38, 3),
	(39, 3),
	(40, 3),
	(41, 3),
	(42, 3),
	(43, 3),
	(44, 3),
	(45, 3),
	(46, 3),
	(47, 3),
	(48, 3),
	(49, 3),
	(50, 3),
	(51, 1),
	(52, 1),
	(53, 1),
	(54, 1),
	(55, 1),
	(56, 1),
	(57, 1),
	(58, 1),
	(59, 1),
	(60, 1),
	(61, 1),
	(62, 1),
	(63, 1),
	(64, 1),
	(65, 1),
	(66, 1),
	(67, 1),
	(68, 1),
	(69, 1),
	(70, 1),
	(71, 1),
	(72, 1),
	(73, 1),
	(74, 1),
	(75, 1),
	(76, 1),
	(77, 1),
	(78, 1),
	(79, 1),
	(80, 1),
	(81, 1),
	(82, 1),
	(83, 1),
	(84, 1),
	(85, 1),
	(86, 1),
	(87, 1),
	(88, 1),
	(89, 1),
	(90, 1),
	(91, 1),
	(92, 1),
	(93, 1),
	(94, 1),
	(95, 1),
	(96, 1),
	(97, 1),
	(98, 1),
	(99, 1),
	(100, 1);

/*!40103 SET TIME_ZONE=IFNULL(@OLD_TIME_ZONE, 'system') */;
/*!40101 SET SQL_MODE=IFNULL(@OLD_SQL_MODE, '') */;
/*!40014 SET FOREIGN_KEY_CHECKS=IFNULL(@OLD_FOREIGN_KEY_CHECKS, 1) */;
/*!40101 SET CHARACTER_SET_CLIENT=@OLD_CHARACTER_SET_CLIENT */;
/*!40111 SET SQL_NOTES=IFNULL(@OLD_SQL_NOTES, 1) */;
